Time,Stage
7/7/2014 10:16,1.181000006
7/7/2014 10:31,1.220000097
7/7/2014 10:46,1.253999911
7/7/2014 11:01,1.286999931
7/7/2014 11:16,1.31699999
7/7/2014 11:31,1.345999964
7/7/2014 11:46,1.381000008
7/7/2014 12:01,1.412999944
7/7/2014 12:16,1.440999979
7/7/2014 12:31,1.454000058
7/7/2014 12:46,1.471999976
7/7/2014 13:01,1.485999994
7/7/2014 13:16,1.485999994
7/7/2014 13:31,1.476999962
7/7/2014 13:46,1.469000014
7/7/2014 14:01,1.452000034
7/7/2014 14:16,1.423999999
7/7/2014 14:31,1.383000031
7/7/2014 14:46,1.340999978
7/7/2014 15:01,1.297000048
7/7/2014 15:16,1.252999972
7/7/2014 15:31,1.205000067
7/7/2014 15:46,1.164999965
7/7/2014 16:01,1.126999959
7/7/2014 16:16,1.085999991
7/7/2014 16:31,1.036999929
7/7/2014 16:46,0.998000057
7/7/2014 17:01,0.966999987
7/7/2014 17:16,0.939000025
7/7/2014 17:31,0.907000016
7/7/2014 17:46,0.887000001
7/7/2014 18:01,0.878000042
7/7/2014 18:16,0.882000015
7/7/2014 18:31,0.89400001
7/7/2014 18:46,0.91900001
7/7/2014 19:01,0.954999993
7/7/2014 19:16,1.016999987
7/7/2014 19:31,1.075000081
7/7/2014 19:46,1.141999988
7/7/2014 20:01,1.206000006
7/7/2014 20:16,1.262999943
7/7/2014 20:31,1.309999981
7/7/2014 20:46,1.352000034
7/7/2014 21:01,1.404000057
7/7/2014 21:16,1.459000043
7/7/2014 21:31,1.50700002
7/7/2014 21:46,1.550999951
7/7/2014 22:01,1.59700005
7/7/2014 22:16,1.640000042
7/7/2014 22:31,1.683000033
7/7/2014 22:46,1.724000002
7/7/2014 23:01,1.771999979
7/7/2014 23:16,1.807000023
7/7/2014 23:31,1.830000072
7/7/2014 23:46,1.860999924
7/8/2014 0:01,1.885999997
7/8/2014 0:16,1.907999962
7/8/2014 0:31,1.924000003
7/8/2014 0:46,1.931000012
7/8/2014 1:01,1.929999928
7/8/2014 1:16,1.917999933
7/8/2014 1:31,1.891999921
7/8/2014 1:46,1.866000055
7/8/2014 2:01,1.83199995
7/8/2014 2:16,1.789000104
7/8/2014 2:31,1.733000034
7/8/2014 2:46,1.678999987
7/8/2014 3:01,1.621999977
7/8/2014 3:16,1.571999977
7/8/2014 3:31,1.519000014
7/8/2014 3:46,1.471999976
7/8/2014 4:01,1.422999915
7/8/2014 4:16,1.376999961
7/8/2014 4:31,1.337000077
7/8/2014 4:46,1.293000001
7/8/2014 5:01,1.247999986
7/8/2014 5:16,1.200999948
7/8/2014 5:31,1.147999986
7/8/2014 5:46,1.098000058
7/8/2014 6:01,1.064000026
7/8/2014 6:16,1.025000008
7/8/2014 6:31,0.982000016
7/8/2014 6:46,0.934999978
7/8/2014 7:01,0.89400001
7/8/2014 7:16,0.852999969
7/8/2014 7:31,0.812
7/8/2014 7:46,0.773999994
7/8/2014 8:01,0.748999994
7/8/2014 8:16,0.727000029
7/8/2014 8:31,0.70300004
7/8/2014 8:46,0.690999973
7/8/2014 9:01,0.692999997
7/8/2014 9:16,0.72000002
7/8/2014 9:31,0.753000041
7/8/2014 9:46,0.801000018
7/8/2014 10:01,0.866999986
7/8/2014 10:16,0.942999998
7/8/2014 10:31,1.013000014
7/8/2014 10:46,1.073999997
7/8/2014 11:01,1.131999945
7/8/2014 11:16,1.184000041
7/8/2014 11:31,1.228999983
7/8/2014 11:46,1.266999989
7/8/2014 12:01,1.307999958
7/8/2014 12:16,1.340000039
7/8/2014 12:31,1.373999999
7/8/2014 12:46,1.401999889
7/8/2014 13:01,1.44000004
7/8/2014 13:16,1.466999991
7/8/2014 13:31,1.486999933
7/8/2014 13:46,1.504999997
7/8/2014 14:01,1.523000061
7/8/2014 14:16,1.542000064
7/8/2014 14:31,1.54700005
7/8/2014 14:46,1.545999965
7/8/2014 15:01,1.543000003
7/8/2014 15:16,1.529999924
7/8/2014 15:31,1.495000026
7/8/2014 15:46,1.454000058
7/8/2014 16:01,1.414999967
7/8/2014 16:16,1.37300006
7/8/2014 16:31,1.3279999
7/8/2014 16:46,1.28300003
7/8/2014 17:01,1.241000123
7/8/2014 17:16,1.198999998
7/8/2014 17:31,1.160999991
7/8/2014 17:46,1.126999959
7/8/2014 18:01,1.100999947
7/8/2014 18:16,1.073999997
7/8/2014 18:31,1.040999976
7/8/2014 18:46,1.026999958
7/8/2014 19:01,1.02799997
7/8/2014 19:16,1.038000014
7/8/2014 19:31,1.05100002
7/8/2014 19:46,1.069000011
7/8/2014 20:01,1.112000003
7/8/2014 20:16,1.167000061
7/8/2014 20:31,1.22699996
7/8/2014 20:46,1.290999978
7/8/2014 21:01,1.358000103
7/8/2014 21:16,1.419000014
7/8/2014 21:31,1.468000075
7/8/2014 21:46,1.516000052
7/8/2014 22:01,1.570000099
7/8/2014 22:16,1.626999963
7/8/2014 22:31,1.67499994
7/8/2014 22:46,1.725999879
7/8/2014 23:01,1.771999979
7/8/2014 23:16,1.812999947
7/8/2014 23:31,1.852999976
7/8/2014 23:46,1.893000006
7/9/2014 0:01,1.926000026
7/9/2014 0:16,1.955999939
7/9/2014 0:31,1.981999951
7/9/2014 0:46,2.003999916
7/9/2014 1:01,2.025000088
7/9/2014 1:16,2.040999838
7/9/2014 1:31,2.0510001
7/9/2014 1:46,2.052999978
7/9/2014 2:01,2.042000068
7/9/2014 2:16,2.009999986
7/9/2014 2:31,1.969000018
7/9/2014 2:46,1.922999919
7/9/2014 3:01,1.869999956
7/9/2014 3:16,1.812000008
7/9/2014 3:31,1.762000008
7/9/2014 3:46,1.712000007
7/9/2014 4:01,1.66400003
7/9/2014 4:16,1.614999969
7/9/2014 4:31,1.571000038
7/9/2014 4:46,1.524
7/9/2014 5:01,1.480000069
7/9/2014 5:16,1.429999924
7/9/2014 5:31,1.381000008
7/9/2014 5:46,1.340000039
7/9/2014 6:01,1.297000048
7/9/2014 6:16,1.247000047
7/9/2014 6:31,1.200000082
7/9/2014 6:46,1.154999994
7/9/2014 7:01,1.110999918
7/9/2014 7:16,1.062999941
7/9/2014 7:31,1.01999995
7/9/2014 7:46,0.979999993
7/9/2014 8:01,0.941999987
7/9/2014 8:16,0.902999969
7/9/2014 8:31,0.86000005
7/9/2014 8:46,0.819000009
7/9/2014 9:01,0.785999989
7/9/2014 9:16,0.759999977
7/9/2014 9:31,0.732999953
7/9/2014 9:46,0.721000032
7/9/2014 10:01,0.725000006
7/9/2014 10:16,0.748000055
7/9/2014 10:31,0.796000032
7/9/2014 10:46,0.859000039
7/9/2014 11:01,0.94400001
7/9/2014 11:16,1.025000008
7/9/2014 11:31,1.093000072
7/9/2014 11:46,1.154999994
7/9/2014 12:01,1.212000003
7/9/2014 12:16,1.257000018
7/9/2014 12:31,1.295999963
7/9/2014 12:46,1.335999993
7/9/2014 13:01,1.37300006
7/9/2014 13:16,1.407999958
7/9/2014 13:31,1.438000017
7/9/2014 13:46,1.474
7/9/2014 14:01,1.50700002
7/9/2014 14:16,1.531999948
7/9/2014 14:31,1.559000044
7/9/2014 14:46,1.585999995
7/9/2014 15:01,1.608999899
7/9/2014 15:16,1.621000039
7/9/2014 15:31,1.626999963
7/9/2014 15:46,1.633000033
7/9/2014 16:01,1.62499994
7/9/2014 16:16,1.602999974
7/9/2014 16:31,1.570000099
7/9/2014 16:46,1.535999994
7/9/2014 17:01,1.493000003
7/9/2014 17:16,1.445000026
7/9/2014 17:31,1.395000025
7/9/2014 17:46,1.347000048
7/9/2014 18:01,1.309000042
7/9/2014 18:16,1.266999989
7/9/2014 18:31,1.226000021
7/9/2014 18:46,1.192999928
7/9/2014 19:01,1.164999965
7/9/2014 19:16,1.141999988
7/9/2014 19:31,1.121999974
7/9/2014 19:46,1.115000038
7/9/2014 20:01,1.115000038
7/9/2014 20:16,1.118999939
7/9/2014 20:31,1.131000006
7/9/2014 20:46,1.16199993
7/9/2014 21:01,1.213999954
7/9/2014 21:16,1.278999984
7/9/2014 21:31,1.347000048
7/9/2014 21:46,1.422000121
7/9/2014 22:01,1.485999994
7/9/2014 22:16,1.535999994
7/9/2014 22:31,1.585999995
7/9/2014 22:46,1.633000033
7/9/2014 23:01,1.677999902
7/9/2014 23:16,1.725000086
7/9/2014 23:31,1.773000063
7/9/2014 23:46,1.817999932
7/10/2014 0:01,1.860999924
7/10/2014 0:16,1.897999991
7/10/2014 0:31,1.933000035
7/10/2014 0:46,1.973000064
7/10/2014 1:01,2.005000146
7/10/2014 1:16,2.038000167
7/10/2014 1:31,2.059000048
7/10/2014 1:46,2.07899999
7/10/2014 2:01,2.092000068
7/10/2014 2:16,2.102000039
7/10/2014 2:31,2.109999842
7/10/2014 2:46,2.10700017
7/10/2014 3:01,2.086999937
7/10/2014 3:16,2.039000106
7/10/2014 3:31,1.998999931
7/10/2014 3:46,1.957999963
7/10/2014 4:01,1.907999962
7/10/2014 4:16,1.847999991
7/10/2014 4:31,1.784999912
7/10/2014 4:46,1.74199992
7/10/2014 5:01,1.700000013
7/10/2014 5:16,1.650000013
7/10/2014 5:31,1.593999942
7/10/2014 5:46,1.542000064
7/10/2014 6:01,1.49600011
7/10/2014 6:16,1.443999941
7/10/2014 6:31,1.399000072
7/10/2014 6:46,1.35000001
7/10/2014 7:01,1.305999934
7/10/2014 7:16,1.264000027
7/10/2014 7:31,1.210000053
7/10/2014 7:46,1.164000026
7/10/2014 8:01,1.12600002
7/10/2014 8:16,1.090000037
7/10/2014 8:31,1.044000011
7/10/2014 8:46,0.995000022
7/10/2014 9:01,0.94400001
7/10/2014 9:16,0.898999995
7/10/2014 9:31,0.860999989
7/10/2014 9:46,0.823999995
7/10/2014 10:01,0.788999951
7/10/2014 10:16,0.759999977
7/10/2014 10:31,0.738000011
7/10/2014 10:46,0.727000029
7/10/2014 11:01,0.731000003
7/10/2014 11:16,0.759000038
7/10/2014 11:31,0.809999977
7/10/2014 11:46,0.883000027
7/10/2014 12:01,0.966999987
7/10/2014 12:16,1.049999935
7/10/2014 12:31,1.125000009
7/10/2014 12:46,1.189000027
7/10/2014 13:01,1.243000001
7/10/2014 13:16,1.290999978
7/10/2014 13:31,1.337000077
7/10/2014 13:46,1.379999923
7/10/2014 14:01,1.419999953
7/10/2014 14:16,1.455999936
7/10/2014 14:31,1.491000125
7/10/2014 14:46,1.521999977
7/10/2014 15:01,1.555999936
7/10/2014 15:16,1.582999887
7/10/2014 15:31,1.607000021
7/10/2014 15:46,1.63100001
7/10/2014 16:01,1.650999952
7/10/2014 16:16,1.669999955
7/10/2014 16:31,1.677999902
7/10/2014 16:46,1.679999926
7/10/2014 17:01,1.674000001
7/10/2014 17:16,1.647999989
7/10/2014 17:31,1.614999969
7/10/2014 17:46,1.576999963
7/10/2014 18:01,1.529999924
7/10/2014 18:16,1.485000055
7/10/2014 18:31,1.44000004
7/10/2014 18:46,1.394000086
7/10/2014 19:01,1.350999949
7/10/2014 19:16,1.314000027
7/10/2014 19:31,1.271999975
7/10/2014 19:46,1.241000123
7/10/2014 20:01,1.215999977
7/10/2014 20:16,1.192999928
7/10/2014 20:31,1.173999997
7/10/2014 20:46,1.171000035
7/10/2014 21:01,1.173999997
7/10/2014 21:16,1.190000038
7/10/2014 21:31,1.213000088
7/10/2014 21:46,1.247000047
7/10/2014 22:01,1.295999963
7/10/2014 22:16,1.352999973
7/10/2014 22:31,1.421000037
7/10/2014 22:46,1.491999918
7/10/2014 23:01,1.55799996
7/10/2014 23:16,1.614999969
7/10/2014 23:31,1.667999931
7/10/2014 23:46,1.718000077
7/11/2014 0:01,1.769000016
7/11/2014 0:16,1.820000101
7/11/2014 0:31,1.864000032
7/11/2014 0:46,1.914000032
7/11/2014 1:01,1.952000038
7/11/2014 1:16,1.985000059
7/11/2014 1:31,2.025000088
7/11/2014 1:46,2.062999949
7/11/2014 2:01,2.088000022
7/11/2014 2:16,2.119999958
7/11/2014 2:31,2.147999993
7/11/2014 2:46,2.166999996
7/11/2014 3:01,2.181000014
7/11/2014 3:16,2.183000037
7/11/2014 3:31,2.177000113
7/11/2014 3:46,2.158999903
7/11/2014 4:01,2.117000141
7/11/2014 4:16,2.066000056
7/11/2014 4:31,2.016999995
7/11/2014 4:46,1.964000032
7/11/2014 5:01,1.904000061
7/11/2014 5:16,1.847999991
7/11/2014 5:31,1.800999953
7/11/2014 5:46,1.757000022
7/11/2014 6:01,1.702000036
7/11/2014 6:16,1.645000027
7/11/2014 6:31,1.588999957
7/11/2014 6:46,1.539000102
7/11/2014 7:01,1.486999933
7/11/2014 7:16,1.435999994
7/11/2014 7:31,1.391999918
7/11/2014 7:46,1.350999949
7/11/2014 8:01,1.302000033
7/11/2014 8:16,1.25000001
7/11/2014 8:31,1.195000024
7/11/2014 8:46,1.151999959
7/11/2014 9:01,1.104999994
7/11/2014 9:16,1.056000005
7/11/2014 9:31,1.008999967
7/11/2014 9:46,0.963999952
7/11/2014 10:01,0.926999958
7/11/2014 10:16,0.885999989
7/11/2014 10:31,0.845000021
7/11/2014 10:46,0.802999968
7/11/2014 11:01,0.764000023
7/11/2014 11:16,0.739000023
7/11/2014 11:31,0.721000032
7/11/2014 11:46,0.722999982
7/11/2014 12:01,0.738000011
7/11/2014 12:16,0.783000026
7/11/2014 12:31,0.86299994
7/11/2014 12:46,0.956000004
7/11/2014 13:01,1.039999964
7/11/2014 13:16,1.120000023
7/11/2014 13:31,1.190999977
7/11/2014 13:46,1.248999925
7/11/2014 14:01,1.295999963
7/11/2014 14:16,1.342000063
7/11/2014 14:31,1.385999993
7/11/2014 14:46,1.432000092
7/11/2014 15:01,1.474
7/11/2014 15:16,1.512000006
7/11/2014 15:31,1.547999989
7/11/2014 15:46,1.578999986
7/11/2014 16:01,1.609999983
7/11/2014 16:16,1.639000103
7/11/2014 16:31,1.666999992
7/11/2014 16:46,1.693000004
7/11/2014 17:01,1.712000007
7/11/2014 17:16,1.726999964
7/11/2014 17:31,1.733999973
7/11/2014 17:46,1.719000016
7/11/2014 18:01,1.698999929
7/11/2014 18:16,1.659000045
7/11/2014 18:31,1.61400003
7/11/2014 18:46,1.565000114
7/11/2014 19:01,1.519000014
7/11/2014 19:16,1.469000014
7/11/2014 19:31,1.419000014
7/11/2014 19:46,1.369000013
7/11/2014 20:01,1.326999961
7/11/2014 20:16,1.2890001
7/11/2014 20:31,1.252000033
7/11/2014 20:46,1.215999977
7/11/2014 21:01,1.184000041
7/11/2014 21:16,1.154000055
7/11/2014 21:31,1.133000029
7/11/2014 21:46,1.108000029
7/11/2014 22:01,1.095999962
7/11/2014 22:16,1.103000043
7/11/2014 22:31,1.139000026
7/11/2014 22:46,1.184000041
7/11/2014 23:01,1.247000047
7/11/2014 23:16,1.326000022
7/11/2014 23:31,1.409000043
7/11/2014 23:46,1.480000069
7/12/2014 0:01,1.539999895
7/12/2014 0:16,1.598999928
7/12/2014 0:31,1.650999952
7/12/2014 0:46,1.695000027
7/12/2014 1:01,1.743000005
7/12/2014 1:16,1.794000089
7/12/2014 1:31,1.842000066
7/12/2014 1:46,1.889000105
7/12/2014 2:01,1.928999989
7/12/2014 2:16,1.97199998
7/12/2014 2:31,2.015000117
7/12/2014 2:46,2.050000016
7/12/2014 3:01,2.093000007
7/12/2014 3:16,2.121999981
7/12/2014 3:31,2.148999932
7/12/2014 3:46,2.167999935
7/12/2014 4:01,2.171000043
7/12/2014 4:16,2.162000011
7/12/2014 4:31,2.138000022
7/12/2014 4:46,2.104000063
7/12/2014 5:01,2.071000042
7/12/2014 5:16,2.026999966
7/12/2014 5:31,1.969000018
7/12/2014 5:46,1.904000061
7/12/2014 6:01,1.840999982
7/12/2014 6:16,1.784999912
7/12/2014 6:31,1.735000057
7/12/2014 6:46,1.684999911
7/12/2014 7:01,1.635999995
7/12/2014 7:16,1.590000041
7/12/2014 7:31,1.539999895
7/12/2014 7:46,1.483999971
7/12/2014 8:01,1.437000078
7/12/2014 8:16,1.390999979
7/12/2014 8:31,1.338999955
7/12/2014 8:46,1.283999969
7/12/2014 9:01,1.235000053
7/12/2014 9:16,1.184999907
7/12/2014 9:31,1.13499998
7/12/2014 9:46,1.083999968
7/12/2014 10:01,1.033000028
7/12/2014 10:16,0.981000005
7/12/2014 10:31,0.934999978
7/12/2014 10:46,0.891999986
7/12/2014 11:01,0.844000009
7/12/2014 11:16,0.797999983
7/12/2014 11:31,0.759000038
7/12/2014 11:46,0.727000029
7/12/2014 12:01,0.692999997
7/12/2014 12:16,0.67000002
7/12/2014 12:31,0.681000002
7/12/2014 12:46,0.719000008
7/12/2014 13:01,0.769999948
7/12/2014 13:16,0.845000021
7/12/2014 13:31,0.941999987
7/12/2014 13:46,1.03400004
7/12/2014 14:01,1.112000003
7/12/2014 14:16,1.182000018
7/12/2014 14:31,1.241999916
7/12/2014 14:46,1.288000016
7/12/2014 15:01,1.328999984
7/12/2014 15:16,1.374999938
7/12/2014 15:31,1.417999929
7/12/2014 15:46,1.452000034
7/12/2014 16:01,1.49000004
7/12/2014 16:16,1.529999924
7/12/2014 16:31,1.565000114
7/12/2014 16:46,1.59700005
7/12/2014 17:01,1.626999963
7/12/2014 17:16,1.656999876
7/12/2014 17:31,1.682000094
7/12/2014 17:46,1.698999929
7/12/2014 18:01,1.709999984
7/12/2014 18:16,1.712000007
7/12/2014 18:31,1.697000051
7/12/2014 18:46,1.667999931
7/12/2014 19:01,1.639000103
7/12/2014 19:16,1.602999974
7/12/2014 19:31,1.554000058
7/12/2014 19:46,1.497000049
7/12/2014 20:01,1.443000002
7/12/2014 20:16,1.397999987
7/12/2014 20:31,1.352999973
7/12/2014 20:46,1.300999949
7/12/2014 21:01,1.258999896
7/12/2014 21:16,1.221999974
7/12/2014 21:31,1.182999957
7/12/2014 21:46,1.146000035
7/12/2014 22:01,1.116999988
7/12/2014 22:16,1.090999976
7/12/2014 22:31,1.065000037
7/12/2014 22:46,1.04499995
7/12/2014 23:01,1.048999996
7/12/2014 23:16,1.070999962
7/12/2014 23:31,1.105999933
7/12/2014 23:46,1.156999945
7/13/2014 0:01,1.22699996
7/13/2014 0:16,1.309999981
7/13/2014 0:31,1.389000101
7/13/2014 0:46,1.454999997
7/13/2014 1:01,1.516999991
7/13/2014 1:16,1.572999916
7/13/2014 1:31,1.626999963
7/13/2014 1:46,1.674000001
7/13/2014 2:01,1.724000002
7/13/2014 2:16,1.773000063
7/13/2014 2:31,1.82100004
7/13/2014 2:46,1.863000093
7/13/2014 3:01,1.907999962
7/13/2014 3:16,1.950000015
7/13/2014 3:31,1.988000021
7/13/2014 3:46,2.020999896
7/13/2014 4:01,2.050000016
7/13/2014 4:16,2.071000042
7/13/2014 4:31,2.094000092
7/13/2014 4:46,2.104000063
7/13/2014 5:01,2.10599994
7/13/2014 5:16,2.093000007
7/13/2014 5:31,2.059000048
7/13/2014 5:46,2.009999986
7/13/2014 6:01,1.959000047
7/13/2014 6:16,1.907999962
7/13/2014 6:31,1.858000107
7/13/2014 6:46,1.800000014
7/13/2014 7:01,1.743000005
7/13/2014 7:16,1.685999995
7/13/2014 7:31,1.629999925
7/13/2014 7:46,1.575000085
7/13/2014 8:01,1.521000038
7/13/2014 8:16,1.470000098
7/13/2014 8:31,1.423999999
7/13/2014 8:46,1.373999999
7/13/2014 9:01,1.322999914
7/13/2014 9:16,1.271999975
7/13/2014 9:31,1.220000097
7/13/2014 9:46,1.168
7/13/2014 10:01,1.120000023
7/13/2014 10:16,1.067999927
7/13/2014 10:31,1.016999987
7/13/2014 10:46,0.964999964
7/13/2014 11:01,0.915000036
7/13/2014 11:16,0.862000001
7/13/2014 11:31,0.816999986
7/13/2014 11:46,0.771000032
7/13/2014 12:01,0.728999979
7/13/2014 12:16,0.689000023
7/13/2014 12:31,0.652999967
7/13/2014 12:46,0.62800004
7/13/2014 13:01,0.611999999
7/13/2014 13:16,0.614000022
7/13/2014 13:31,0.651000017
7/13/2014 13:46,0.719000008
7/13/2014 14:01,0.801000018
7/13/2014 14:16,0.89400001
7/13/2014 14:31,0.987999941
7/13/2014 14:46,1.067999927
7/13/2014 15:01,1.139999965
7/13/2014 15:16,1.195999963
7/13/2014 15:31,1.243000001
7/13/2014 15:46,1.281000007
7/13/2014 16:01,1.321999975
7/13/2014 16:16,1.366000051
7/13/2014 16:31,1.409999982
7/13/2014 16:46,1.450000011
7/13/2014 17:01,1.49000004
7/13/2014 17:16,1.526999962
7/13/2014 17:31,1.562999945
7/13/2014 17:46,1.59700005
7/13/2014 18:01,1.626999963
7/13/2014 18:16,1.652999975
7/13/2014 18:31,1.672999917
7/13/2014 18:46,1.685999995
7/13/2014 19:01,1.685999995
7/13/2014 19:16,1.674000001
7/13/2014 19:31,1.647999989
7/13/2014 19:46,1.609999983
7/13/2014 20:01,1.566000053
7/13/2014 20:16,1.514000029
7/13/2014 20:31,1.459000043
7/13/2014 20:46,1.404999996
7/13/2014 21:01,1.352000034
7/13/2014 21:16,1.302000033
7/13/2014 21:31,1.254999995
7/13/2014 21:46,1.210000053
7/13/2014 22:01,1.168
7/13/2014 22:16,1.123000058
7/13/2014 22:31,1.07799997
7/13/2014 22:46,1.03400004
7/13/2014 23:01,0.995999961
7/13/2014 23:16,0.966000048
7/13/2014 23:31,0.94400001
7/13/2014 23:46,0.922999984
7/14/2014 0:01,0.920000022
7/14/2014 0:16,0.940999975
7/14/2014 0:31,0.987999941
7/14/2014 0:46,1.054000055
7/14/2014 1:01,1.131000006
7/14/2014 1:16,1.215999977
7/14/2014 1:31,1.299000071
7/14/2014 1:46,1.368000074
7/14/2014 2:01,1.428999985
7/14/2014 2:16,1.481999947
7/14/2014 2:31,1.533999971
7/14/2014 2:46,1.578999986
7/14/2014 3:01,1.626999963
7/14/2014 3:16,1.677000109
7/14/2014 3:31,1.726999964
7/14/2014 3:46,1.774000002
7/14/2014 4:01,1.816999994
7/14/2014 4:16,1.858000107
7/14/2014 4:31,1.895999968
7/14/2014 4:46,1.927000111
7/14/2014 5:01,1.950999954
7/14/2014 5:16,1.970999896
7/14/2014 5:31,1.98899996
7/14/2014 5:46,1.997999992
7/14/2014 6:01,1.996999908
7/14/2014 6:16,1.97800005
7/14/2014 6:31,1.940000044
7/14/2014 6:46,1.889000105
7/14/2014 7:01,1.835000058
7/14/2014 7:16,1.778999987
7/14/2014 7:31,1.721999978
7/14/2014 7:46,1.664999969
7/14/2014 8:01,1.605999937
7/14/2014 8:16,1.550999951
7/14/2014 8:31,1.497000049
7/14/2014 8:46,1.443999941
7/14/2014 9:01,1.393000002
7/14/2014 9:16,1.34399994
7/14/2014 9:31,1.295999963
7/14/2014 9:46,1.245000024
7/14/2014 10:01,1.192000061
7/14/2014 10:16,1.141000049
7/14/2014 10:31,1.090999976
7/14/2014 10:46,1.036999929
7/14/2014 11:01,0.984000039
7/14/2014 11:16,0.933000027
7/14/2014 11:31,0.887000001
7/14/2014 11:46,0.833999966
7/14/2014 12:01,0.782000015
7/14/2014 12:16,0.740999974
7/14/2014 12:31,0.700000005
7/14/2014 12:46,0.657000014
7/14/2014 13:01,0.616999984
7/14/2014 13:16,0.582000013
7/14/2014 13:31,0.560999987
7/14/2014 13:46,0.55499999
7/14/2014 14:01,0.57599998
7/14/2014 14:16,0.628999979
7/14/2014 14:31,0.711000061
7/14/2014 14:46,0.807000015
7/14/2014 15:01,0.913000013
7/14/2014 15:16,1.006000077
7/14/2014 15:31,1.087000002
7/14/2014 15:46,1.150000009
7/14/2014 16:01,1.197999986
7/14/2014 16:16,1.241000123
7/14/2014 16:31,1.285999992
7/14/2014 16:46,1.335000054
7/14/2014 17:01,1.390999979
7/14/2014 17:16,1.447000049
7/14/2014 17:31,1.497000049
7/14/2014 17:46,1.543000003
7/14/2014 18:01,1.590000041
7/14/2014 18:16,1.629999925
7/14/2014 18:31,1.66400003
7/14/2014 18:46,1.688000019
7/14/2014 19:01,1.707000022
7/14/2014 19:16,1.730000071
7/14/2014 19:31,1.738999958
7/14/2014 19:46,1.738000019
7/14/2014 20:01,1.718000077
7/14/2014 20:16,1.700000013
7/14/2014 20:31,1.674000001
7/14/2014 20:46,1.626999963
7/14/2014 21:01,1.576000024
7/14/2014 21:16,1.524999939
7/14/2014 21:31,1.465999907
7/14/2014 21:46,1.409000043
7/14/2014 22:01,1.352000034
7/14/2014 22:16,1.302000033
7/14/2014 22:31,1.252999972
7/14/2014 22:46,1.213000088
7/14/2014 23:01,1.174999936
7/14/2014 23:16,1.13499998
7/14/2014 23:31,1.100999947
7/14/2014 23:46,1.064000026
7/15/2014 0:01,1.03400004
7/15/2014 0:16,1.016999987
7/15/2014 0:31,1.014999964
7/15/2014 0:46,1.008000028
7/15/2014 1:01,0.989000025
7/15/2014 1:16,0.989000025
7/15/2014 1:31,1.033000028
7/15/2014 1:46,1.100999947
7/15/2014 2:01,1.172999986
7/15/2014 2:16,1.247000047
7/15/2014 2:31,1.319000013
7/15/2014 2:46,1.385000054
7/15/2014 3:01,1.449000072
7/15/2014 3:16,1.507999959
7/15/2014 3:31,1.562000006
7/15/2014 3:46,1.609999983
7/15/2014 4:01,1.651999891
7/15/2014 4:16,1.692000065
7/15/2014 4:31,1.740000042
7/15/2014 4:46,1.795000028
7/15/2014 5:01,1.83800002
7/15/2014 5:16,1.87100004
7/15/2014 5:31,1.900000014
7/15/2014 5:46,1.924000003
7/15/2014 6:01,1.947999992
7/15/2014 6:16,1.97199998
7/15/2014 6:31,1.985999998
7/15/2014 6:46,1.993000006
7/15/2014 7:01,1.975999881
7/15/2014 7:16,1.942000067
7/15/2014 7:31,1.895999968
7/15/2014 7:46,1.847000052
7/15/2014 8:01,1.794000089
7/15/2014 8:16,1.748999929
7/15/2014 8:31,1.697000051
7/15/2014 8:46,1.643000004
7/15/2014 9:01,1.590000041
7/15/2014 9:16,1.533999971
7/15/2014 9:31,1.481999947
7/15/2014 9:46,1.44000004
7/15/2014 10:01,1.400000011
7/15/2014 10:16,1.354999996
7/15/2014 10:31,1.304999995
7/15/2014 10:46,1.248999925
7/15/2014 11:01,1.197000047
7/15/2014 11:16,1.14900007
7/15/2014 11:31,1.100999947
7/15/2014 11:46,1.052000031
7/15/2014 12:01,0.996999973
7/15/2014 12:16,0.945000022
7/15/2014 12:31,0.889999963
7/15/2014 12:46,0.838999951
7/15/2014 13:01,0.797999983
7/15/2014 13:16,0.753000041
7/15/2014 13:31,0.717999997
7/15/2014 13:46,0.682000014
7/15/2014 14:01,0.651000017
7/15/2014 14:16,0.636999999
7/15/2014 14:31,0.640999973
7/15/2014 14:46,0.67000002
7/15/2014 15:01,0.728999979
7/15/2014 15:16,0.825000006
7/15/2014 15:31,0.932000016
7/15/2014 15:46,1.03400004
7/15/2014 16:01,1.118999939
7/15/2014 16:16,1.190999977
7/15/2014 16:31,1.251000094
7/15/2014 16:46,1.302999972
7/15/2014 17:01,1.343000002
7/15/2014 17:16,1.389000101
7/15/2014 17:31,1.428000046
7/15/2014 17:46,1.469000014
7/15/2014 18:01,1.507999959
7/15/2014 18:16,1.554999997
7/15/2014 18:31,1.597999989
7/15/2014 18:46,1.646999905
7/15/2014 19:01,1.697000051
7/15/2014 19:16,1.741000127
7/15/2014 19:31,1.778999987
7/15/2014 19:46,1.804999999
7/15/2014 20:01,1.826000026
7/15/2014 20:16,1.845999968
7/15/2014 20:31,1.84899993
7/15/2014 20:46,1.845000029
7/15/2014 21:01,1.825000087
7/15/2014 21:16,1.792000066
7/15/2014 21:31,1.753999915
7/15/2014 21:46,1.702000036
7/15/2014 22:01,1.63100001
7/15/2014 22:16,1.544000087
7/15/2014 22:31,1.476000023
7/15/2014 22:46,1.424999938
7/15/2014 23:01,1.393000002
7/15/2014 23:16,1.36099992
7/15/2014 23:31,1.309999981
7/15/2014 23:46,1.257000018
7/16/2014 0:01,1.200999948
7/16/2014 0:16,1.157999957
7/16/2014 0:31,1.123000058
7/16/2014 0:46,1.088000087
7/16/2014 1:01,1.065999976
7/16/2014 1:16,1.039000025
7/16/2014 1:31,1.011999929
7/16/2014 1:46,0.98599999
7/16/2014 2:01,0.973999996
7/16/2014 2:16,0.982000016
7/16/2014 2:31,1.004999993
7/16/2014 2:46,1.049999935
7/16/2014 3:01,1.109999979
7/16/2014 3:16,1.187000003
7/16/2014 3:31,1.268000074
7/16/2014 3:46,1.348999926
7/16/2014 4:01,1.414999967
7/16/2014 4:16,1.473000061
7/16/2014 4:31,1.514999968
7/16/2014 4:46,1.552000035
7/16/2014 5:01,1.59700005
7/16/2014 5:16,1.640999981
7/16/2014 5:31,1.679999926
7/16/2014 5:46,1.720999894
7/16/2014 6:01,1.762000008
7/16/2014 6:16,1.800999953
7/16/2014 6:31,1.830000072
7/16/2014 6:46,1.857000023
7/16/2014 7:01,1.878000049
7/16/2014 7:16,1.890000043
7/16/2014 7:31,1.896999907
7/16/2014 7:46,1.900999953
7/16/2014 8:01,1.885999997
7/16/2014 8:16,1.859999985
7/16/2014 8:31,1.817999932
7/16/2014 8:46,1.766999993
7/16/2014 9:01,1.704999998
7/16/2014 9:16,1.650000013
7/16/2014 9:31,1.595000027
7/16/2014 9:46,1.543000003
7/16/2014 10:01,1.49600011
7/16/2014 10:16,1.445999965
7/16/2014 10:31,1.394000086
7/16/2014 10:46,1.347999987
7/16/2014 11:01,1.299000071
7/16/2014 11:16,1.254999995
7/16/2014 11:31,1.205000067
7/16/2014 11:46,1.15999998
7/16/2014 12:01,1.113999953
7/16/2014 12:16,1.062999941
7/16/2014 12:31,1.013000014
7/16/2014 12:46,0.963000013
7/16/2014 13:01,0.917999998
7/16/2014 13:16,0.86900001
7/16/2014 13:31,0.825999945
7/16/2014 13:46,0.783999965
7/16/2014 14:01,0.748999994
7/16/2014 14:16,0.721000032
7/16/2014 14:31,0.69500002
7/16/2014 14:46,0.677999967
7/16/2014 15:01,0.679999991
7/16/2014 15:16,0.708999965
7/16/2014 15:31,0.759999977
7/16/2014 15:46,0.839999963
7/16/2014 16:01,0.934999978
7/16/2014 16:16,1.021999973
7/16/2014 16:31,1.107000017
7/16/2014 16:46,1.179999922
7/16/2014 17:01,1.235999992
7/16/2014 17:16,1.286999931
7/16/2014 17:31,1.337000077
7/16/2014 17:46,1.38399997
7/16/2014 18:01,1.432000092
7/16/2014 18:16,1.480000069
7/16/2014 18:31,1.521999977
7/16/2014 18:46,1.570000099
7/16/2014 19:01,1.623000062
7/16/2014 19:16,1.68100001
7/16/2014 19:31,1.735000057
7/16/2014 19:46,1.774999941
7/16/2014 20:01,1.816000055
7/16/2014 20:16,1.843000005
7/16/2014 20:31,1.869000017
7/16/2014 20:46,1.889000105
7/16/2014 21:01,1.895000029
7/16/2014 21:16,1.890999982
7/16/2014 21:31,1.874999942
7/16/2014 21:46,1.847000052
7/16/2014 22:01,1.805999938
7/16/2014 22:16,1.759999984
7/16/2014 22:31,1.709999984
7/16/2014 22:46,1.654000059
7/16/2014 23:01,1.59700005
7/16/2014 23:16,1.552000035
7/16/2014 23:31,1.504999997
7/16/2014 23:46,1.464999968
7/17/2014 0:01,1.422999915
7/17/2014 0:16,1.378999984
7/17/2014 0:31,1.335000054
7/17/2014 0:46,1.283999969
7/17/2014 1:01,1.230000068
7/17/2014 1:16,1.179000056
7/17/2014 1:31,1.139000026
7/17/2014 1:46,1.104999994
7/17/2014 2:01,1.067999927
7/17/2014 2:16,1.04200006
7/17/2014 2:31,1.014000025
7/17/2014 2:46,0.99400001
7/17/2014 3:01,0.971000034
7/17/2014 3:16,0.96099999
7/17/2014 3:31,0.963000013
7/17/2014 3:46,0.982000016
7/17/2014 4:01,1.017999999
7/17/2014 4:16,1.070000023
7/17/2014 4:31,1.139999965
7/17/2014 4:46,1.215000038
7/17/2014 5:01,1.286999931
7/17/2014 5:16,1.347000048
7/17/2014 5:31,1.409000043
7/17/2014 5:46,1.464000029
7/17/2014 6:01,1.507999959
7/17/2014 6:16,1.549000073
7/17/2014 6:31,1.593000003
7/17/2014 6:46,1.635000056
7/17/2014 7:01,1.669999955
7/17/2014 7:16,1.700999952
7/17/2014 7:31,1.728999987
7/17/2014 7:46,1.756000083
7/17/2014 8:01,1.779999926
7/17/2014 8:16,1.789999897
7/17/2014 8:31,1.792000066
7/17/2014 8:46,1.789000104
7/17/2014 9:01,1.773000063
7/17/2014 9:16,1.74799999
7/17/2014 9:31,1.712000007
7/17/2014 9:46,1.66400003
7/17/2014 10:01,1.605999937
7/17/2014 10:16,1.550999951
7/17/2014 10:31,1.498999927
7/17/2014 10:46,1.45099995
7/17/2014 11:01,1.404000057
7/17/2014 11:16,1.354999996
7/17/2014 11:31,1.304999995
7/17/2014 11:46,1.253999911
7/17/2014 12:01,1.208999969
7/17/2014 12:16,1.160999991
7/17/2014 12:31,1.110999918
7/17/2014 12:46,1.05900004
7/17/2014 13:01,1.011999929
7/17/2014 13:16,0.959999978
7/17/2014 13:31,0.910000051
7/17/2014 13:46,0.862000001
7/17/2014 14:01,0.82099996
7/17/2014 14:16,0.781000003
7/17/2014 14:31,0.740999974
7/17/2014 14:46,0.707000014
7/17/2014 15:01,0.677999967
7/17/2014 15:16,0.651000017
7/17/2014 15:31,0.639000022
7/17/2014 15:46,0.652000028
7/17/2014 16:01,0.697999982
7/17/2014 16:16,0.764999962
7/17/2014 16:31,0.852999969
7/17/2014 16:46,0.948999996
7/17/2014 17:01,1.039000025
7/17/2014 17:16,1.112000003
7/17/2014 17:31,1.172999986
7/17/2014 17:46,1.223999998
7/17/2014 18:01,1.278999984
7/17/2014 18:16,1.332999885
7/17/2014 18:31,1.391999918
7/17/2014 18:46,1.440999979
7/17/2014 19:01,1.488000017
7/17/2014 19:16,1.531000009
7/17/2014 19:31,1.581999948
7/17/2014 19:46,1.636999934
7/17/2014 20:01,1.692000065
7/17/2014 20:16,1.735999996
7/17/2014 20:31,1.781000011
7/17/2014 20:46,1.814000031
7/17/2014 21:01,1.843000005
7/17/2014 21:16,1.87100004
7/17/2014 21:31,1.897999991
7/17/2014 21:46,1.917999933
7/17/2014 22:01,1.927000111
7/17/2014 22:16,1.927000111
7/17/2014 22:31,1.902999977
7/17/2014 22:46,1.858000107
7/17/2014 23:01,1.805999938
7/17/2014 23:16,1.753999915
7/17/2014 23:31,1.702999975
7/17/2014 23:46,1.654000059
7/18/2014 0:01,1.600999951
7/18/2014 0:16,1.54700005
7/18/2014 0:31,1.497000049
7/18/2014 0:46,1.447999988
7/18/2014 1:01,1.397999987
7/18/2014 1:16,1.358000103
7/18/2014 1:31,1.31099992
7/18/2014 1:46,1.262000004
7/18/2014 2:01,1.213999954
7/18/2014 2:16,1.169999951
7/18/2014 2:31,1.133000029
7/18/2014 2:46,1.093000072
7/18/2014 3:01,1.059999979
7/18/2014 3:16,1.024000069
7/18/2014 3:31,0.984999978
7/18/2014 3:46,0.947000045
7/18/2014 4:01,0.922999984
7/18/2014 4:16,0.901000019
7/18/2014 4:31,0.883000027
7/18/2014 4:46,0.873000056
7/18/2014 5:01,0.885999989
7/18/2014 5:16,0.912000001
7/18/2014 5:31,0.958000028
7/18/2014 5:46,1.016999987
7/18/2014 6:01,1.087000002
7/18/2014 6:16,1.159000041
7/18/2014 6:31,1.225000082
7/18/2014 6:46,1.279999923
7/18/2014 7:01,1.331000007
7/18/2014 7:16,1.373999999
7/18/2014 7:31,1.41699999
7/18/2014 7:46,1.45099995
7/18/2014 8:01,1.49000004
7/18/2014 8:16,1.526000023
7/18/2014 8:31,1.554999997
7/18/2014 8:46,1.582999887
7/18/2014 9:01,1.608000105
7/18/2014 9:16,1.626000024
7/18/2014 9:31,1.639000103
7/18/2014 9:46,1.643000004
7/18/2014 10:01,1.640000042
7/18/2014 10:16,1.62499994
7/18/2014 10:31,1.59099998
7/18/2014 10:46,1.552999974
7/18/2014 11:01,1.507999959
7/18/2014 11:16,1.46300009
7/18/2014 11:31,1.412999944
7/18/2014 11:46,1.355999935
7/18/2014 12:01,1.307000019
7/18/2014 12:16,1.26600005
7/18/2014 12:31,1.221999974
7/18/2014 12:46,1.171000035
7/18/2014 13:01,1.125000009
7/18/2014 13:16,1.078999982
7/18/2014 13:31,1.034999979
7/18/2014 13:46,0.987999941
7/18/2014 14:01,0.939999964
7/18/2014 14:16,0.894999949
7/18/2014 14:31,0.851000018
7/18/2014 14:46,0.809999977
7/18/2014 15:01,0.771000032
7/18/2014 15:16,0.732000014
7/18/2014 15:31,0.70300004
7/18/2014 15:46,0.676999956
7/18/2014 16:01,0.660999988
7/18/2014 16:16,0.660000049
7/18/2014 16:31,0.682000014
7/18/2014 16:46,0.729999991
7/18/2014 17:01,0.801000018
7/18/2014 17:16,0.882000015
7/18/2014 17:31,0.966999987
7/18/2014 17:46,1.046000034
7/18/2014 18:01,1.116999988
7/18/2014 18:16,1.177000032
7/18/2014 18:31,1.235000053
7/18/2014 18:46,1.284999908
7/18/2014 19:01,1.340000039
7/18/2014 19:16,1.394000086
7/18/2014 19:31,1.449000072
7/18/2014 19:46,1.491999918
7/18/2014 20:01,1.536999933
7/18/2014 20:16,1.581000009
7/18/2014 20:31,1.628000047
7/18/2014 20:46,1.677999902
7/18/2014 21:01,1.721999978
7/18/2014 21:16,1.766000054
7/18/2014 21:31,1.80400006
7/18/2014 21:46,1.835999997
7/18/2014 22:01,1.862000008
7/18/2014 22:16,1.88199995
7/18/2014 22:31,1.890999982
7/18/2014 22:46,1.893000006
7/18/2014 23:01,1.889000105
7/18/2014 23:16,1.868000078
7/18/2014 23:31,1.832999889
7/18/2014 23:46,1.789999897
7/19/2014 0:01,1.743999944
7/19/2014 0:16,1.69799999
7/19/2014 0:31,1.635999995
7/19/2014 0:46,1.577999902
7/19/2014 1:01,1.528999986
7/19/2014 1:16,1.481000008
7/19/2014 1:31,1.428999985
7/19/2014 1:46,1.378000045
7/19/2014 2:01,1.331999946
7/19/2014 2:16,1.2890001
7/19/2014 2:31,1.245000024
7/19/2014 2:46,1.195000024
7/19/2014 3:01,1.144999951
7/19/2014 3:16,1.105999933
7/19/2014 3:31,1.072000046
7/19/2014 3:46,1.029000054
7/19/2014 4:01,0.984000039
7/19/2014 4:16,0.950999946
7/19/2014 4:31,0.91900001
7/19/2014 4:46,0.883000027
7/19/2014 5:01,0.85200003
7/19/2014 5:16,0.823999995
7/19/2014 5:31,0.798999994
7/19/2014 5:46,0.777999968
7/19/2014 6:01,0.764000023
7/19/2014 6:16,0.764999962
7/19/2014 6:31,0.791999986
7/19/2014 6:46,0.833000027
7/19/2014 7:01,0.891999986
7/19/2014 7:16,0.959999978
7/19/2014 7:31,1.02799997
7/19/2014 7:46,1.094000011
7/19/2014 8:01,1.14900007
7/19/2014 8:16,1.203999983
7/19/2014 8:31,1.254999995
7/19/2014 8:46,1.299000071
7/19/2014 9:01,1.338999955
7/19/2014 9:16,1.376000022
7/19/2014 9:31,1.406999874
7/19/2014 9:46,1.431000008
7/19/2014 10:01,1.459999982
7/19/2014 10:16,1.491000125
7/19/2014 10:31,1.516000052
7/19/2014 10:46,1.526000023
7/19/2014 11:01,1.533000032
7/19/2014 11:16,1.535999994
7/19/2014 11:31,1.531000009
7/19/2014 11:46,1.512999945
7/19/2014 12:01,1.485999994
7/19/2014 12:16,1.454999997
7/19/2014 12:31,1.409999982
7/19/2014 12:46,1.353999911
7/19/2014 13:01,1.302000033
7/19/2014 13:16,1.254999995
7/19/2014 13:31,1.206000006
7/19/2014 13:46,1.157999957
7/19/2014 14:01,1.113999953
7/19/2014 14:16,1.070000023
7/19/2014 14:31,1.029000054
7/19/2014 14:46,0.984999978
7/19/2014 15:01,0.939999964
7/19/2014 15:16,0.90200003
7/19/2014 15:31,0.866999986
7/19/2014 15:46,0.82899998
7/19/2014 16:01,0.794000009
7/19/2014 16:16,0.767999997
7/19/2014 16:31,0.757000014
7/19/2014 16:46,0.750000006
7/19/2014 17:01,0.751000017
7/19/2014 17:16,0.77899998
7/19/2014 17:31,0.828000041
7/19/2014 17:46,0.889999963
7/19/2014 18:01,0.958000028
7/19/2014 18:16,1.03599999
7/19/2014 18:31,1.105999933
7/19/2014 18:46,1.163000015
7/19/2014 19:01,1.216999989
7/19/2014 19:16,1.271999975
7/19/2014 19:31,1.325000083
7/19/2014 19:46,1.378000045
7/19/2014 20:01,1.434999909
7/19/2014 20:16,1.495000026
7/19/2014 20:31,1.54700005
7/19/2014 20:46,1.595999966
7/19/2014 21:01,1.645000027
7/19/2014 21:16,1.693000004
7/19/2014 21:31,1.730000071
7/19/2014 21:46,1.766999993
7/19/2014 22:01,1.797000051
7/19/2014 22:16,1.83199995
7/19/2014 22:31,1.860999924
7/19/2014 22:46,1.886999936
7/19/2014 23:01,1.91100007
7/19/2014 23:16,1.912000009
7/19/2014 23:31,1.900999953
7/19/2014 23:46,1.890999982
7/20/2014 0:01,1.881000011
7/20/2014 0:16,1.855999939
7/20/2014 0:31,1.80400006
7/20/2014 0:46,1.751000098
7/20/2014 1:01,1.698999929
7/20/2014 1:16,1.649000074
7/20/2014 1:31,1.592000064
7/20/2014 1:46,1.533999971
7/20/2014 2:01,1.483999971
7/20/2014 2:16,1.43399997
7/20/2014 2:31,1.383000031
7/20/2014 2:46,1.335000054
7/20/2014 3:01,1.292000062
7/20/2014 3:16,1.247000047
7/20/2014 3:31,1.197999986
7/20/2014 3:46,1.141000049
7/20/2014 4:01,1.095999962
7/20/2014 4:16,1.057999956
7/20/2014 4:31,1.013000014
7/20/2014 4:46,0.966000048
7/20/2014 5:01,0.932000016
7/20/2014 5:16,0.897999984
7/20/2014 5:31,0.870000021
7/20/2014 5:46,0.837000001
7/20/2014 6:01,0.798999994
7/20/2014 6:16,0.766999986
7/20/2014 6:31,0.750000006
7/20/2014 6:46,0.726000017
7/20/2014 7:01,0.709999976
7/20/2014 7:16,0.714000023
7/20/2014 7:31,0.726000017
7/20/2014 7:46,0.74500002
7/20/2014 8:01,0.769999948
7/20/2014 8:16,0.832000015
7/20/2014 8:31,0.915000036
7/20/2014 8:46,0.987000002
7/20/2014 9:01,1.048999996
7/20/2014 9:16,1.098999997
7/20/2014 9:31,1.131999945
7/20/2014 9:46,1.165999977
7/20/2014 10:01,1.223000059
7/20/2014 10:16,1.279999923
7/20/2014 10:31,1.317999929
7/20/2014 10:46,1.350999949
7/20/2014 11:01,1.373999999
7/20/2014 11:16,1.412999944
7/20/2014 11:31,1.445000026
7/20/2014 11:46,1.475000084
7/20/2014 12:01,1.491999918
7/20/2014 12:16,1.502000035
7/20/2014 12:31,1.503999913
7/20/2014 12:46,1.509999982
7/20/2014 13:01,1.516999991
7/20/2014 13:16,1.514999968
7/20/2014 13:31,1.497000049
7/20/2014 13:46,1.469000014
7/20/2014 14:01,1.428999985
7/20/2014 14:16,1.393000002
7/20/2014 14:31,1.348999926
7/20/2014 14:46,1.312000004
7/20/2014 15:01,1.262999943
7/20/2014 15:16,1.208999969
7/20/2014 15:31,1.169999951
7/20/2014 15:46,1.126999959
7/20/2014 16:01,1.087000002
7/20/2014 16:16,1.04200006
7/20/2014 16:31,1.003000043
7/20/2014 16:46,0.966999987
7/20/2014 17:01,0.940999975
7/20/2014 17:16,0.929999993
7/20/2014 17:31,0.910000051
7/20/2014 17:46,0.888000013
7/20/2014 18:01,0.885999989
7/20/2014 18:16,0.910000051
7/20/2014 18:31,0.958000028
7/20/2014 18:46,1.013000014
7/20/2014 19:01,1.077000031
7/20/2014 19:16,1.144999951
7/20/2014 19:31,1.207999957
7/20/2014 19:46,1.269999952
7/20/2014 20:01,1.3279999
7/20/2014 20:16,1.376000022
7/20/2014 20:31,1.432000092
7/20/2014 20:46,1.481999947
7/20/2014 21:01,1.531999948
7/20/2014 21:16,1.58000007
7/20/2014 21:31,1.62499994
7/20/2014 21:46,1.667999931
7/20/2014 22:01,1.714000031
7/20/2014 22:16,1.754999999
7/20/2014 22:31,1.794000089
7/20/2014 22:46,1.830000072
7/20/2014 23:01,1.855999939
7/20/2014 23:16,1.886999936
7/20/2014 23:31,1.906999878
7/20/2014 23:46,1.932000096
7/21/2014 0:01,1.943999945
7/21/2014 0:16,1.950000015
7/21/2014 0:31,1.945000029
7/21/2014 0:46,1.927000111
7/21/2014 1:01,1.900000014
7/21/2014 1:16,1.866999994
7/21/2014 1:31,1.825000087
7/21/2014 1:46,1.778999987
7/21/2014 2:01,1.728999987
7/21/2014 2:16,1.669999955
7/21/2014 2:31,1.621999977
7/21/2014 2:46,1.575000085
7/21/2014 3:01,1.531000009
7/21/2014 3:16,1.488999956
7/21/2014 3:31,1.443999941
7/21/2014 3:46,1.390999979
7/21/2014 4:01,1.343000002
7/21/2014 4:16,1.30000001
7/21/2014 4:31,1.257999957
7/21/2014 4:46,1.207999957
7/21/2014 5:01,1.164000026
7/21/2014 5:16,1.118999939
7/21/2014 5:31,1.075000081
7/21/2014 5:46,1.024000069
7/21/2014 6:01,0.981000005
7/21/2014 6:16,0.947000045
7/21/2014 6:31,0.91099999
7/21/2014 6:46,0.867999998
7/21/2014 7:01,0.833000027
7/21/2014 7:16,0.801000018
7/21/2014 7:31,0.764999962
7/21/2014 7:46,0.722999982
7/21/2014 8:01,0.695999959
7/21/2014 8:16,0.679999991
7/21/2014 8:31,0.677999967
7/21/2014 8:46,0.682000014
7/21/2014 9:01,0.709999976
7/21/2014 9:16,0.764999962
7/21/2014 9:31,0.835999989
7/21/2014 9:46,0.912000001
7/21/2014 10:01,0.982999955
7/21/2014 10:16,1.054999921
7/21/2014 10:31,1.113000014
7/21/2014 10:46,1.15999998
7/21/2014 11:01,1.208999969
7/21/2014 11:16,1.252000033
7/21/2014 11:31,1.295999963
7/21/2014 11:46,1.332999885
7/21/2014 12:01,1.369999952
7/21/2014 12:16,1.404000057
7/21/2014 12:31,1.43399997
7/21/2014 12:46,1.454999997
7/21/2014 13:01,1.483000032
7/21/2014 13:16,1.503999913
7/21/2014 13:31,1.529999924
7/21/2014 13:46,1.549000073
7/21/2014 14:01,1.55799996
7/21/2014 14:16,1.559999983
7/21/2014 14:31,1.549000073
7/21/2014 14:46,1.528000047
7/21/2014 15:01,1.508999898
7/21/2014 15:16,1.471999976
7/21/2014 15:31,1.431000008
7/21/2014 15:46,1.385000054
7/21/2014 16:01,1.335999993
7/21/2014 16:16,1.290999978
7/21/2014 16:31,1.251000094
7/21/2014 16:46,1.213000088
7/21/2014 17:01,1.172000047
7/21/2014 17:16,1.139999965
7/21/2014 17:31,1.113000014
7/21/2014 17:46,1.081000005
7/21/2014 18:01,1.05299997
7/21/2014 18:16,1.029999993
7/21/2014 18:31,1.014000025
7/21/2014 18:46,1.008999967
7/21/2014 19:01,1.013000014
7/21/2014 19:16,1.034999979
7/21/2014 19:31,1.072999985
7/21/2014 19:46,1.120000023
7/21/2014 20:01,1.172000047
7/21/2014 20:16,1.23300003
7/21/2014 20:31,1.293000001
7/21/2014 20:46,1.348999926
7/21/2014 21:01,1.404000057
7/21/2014 21:16,1.459000043
7/21/2014 21:31,1.508999898
7/21/2014 21:46,1.557000021
7/21/2014 22:01,1.602000035
7/21/2014 22:16,1.650000013
7/21/2014 22:31,1.697000051
7/21/2014 22:46,1.740000042
7/21/2014 23:01,1.778999987
7/21/2014 23:16,1.815000116
7/21/2014 23:31,1.845999968
7/21/2014 23:46,1.873000064
7/22/2014 0:01,1.904000061
7/22/2014 0:16,1.933000035
7/22/2014 0:31,1.952999977
7/22/2014 0:46,1.966999995
7/22/2014 1:01,1.975000088
7/22/2014 1:16,1.981000012
7/22/2014 1:31,1.973000064
7/22/2014 1:46,1.945999968
7/22/2014 2:01,1.91100007
7/22/2014 2:16,1.873000064
7/22/2014 2:31,1.824000002
7/22/2014 2:46,1.762999947
7/22/2014 3:01,1.707999961
7/22/2014 3:16,1.659999984
7/22/2014 3:31,1.612000006
7/22/2014 3:46,1.560999922
7/22/2014 4:01,1.512000006
7/22/2014 4:16,1.469000014
7/22/2014 4:31,1.429999924
7/22/2014 4:46,1.376000022
7/22/2014 5:01,1.330000068
7/22/2014 5:16,1.284999908
7/22/2014 5:31,1.235000053
7/22/2014 5:46,1.192000061
7/22/2014 6:01,1.146999974
7/22/2014 6:16,1.104999994
7/22/2014 6:31,1.060999991
7/22/2014 6:46,1.011000063
7/22/2014 7:01,0.964999964
7/22/2014 7:16,0.923999995
7/22/2014 7:31,0.890999975
7/22/2014 7:46,0.854999992
7/22/2014 8:01,0.814000024
7/22/2014 8:16,0.779999991
7/22/2014 8:31,0.740999974
7/22/2014 8:46,0.708000026
7/22/2014 9:01,0.679999991
7/22/2014 9:16,0.660999988
7/22/2014 9:31,0.647999982
7/22/2014 9:46,0.658999964
7/22/2014 10:01,0.682000014
7/22/2014 10:16,0.734000038
7/22/2014 10:31,0.802999968
7/22/2014 10:46,0.884000039
7/22/2014 11:01,0.96900001
7/22/2014 11:16,1.04200006
7/22/2014 11:31,1.103999982
7/22/2014 11:46,1.163000015
7/22/2014 12:01,1.205000067
7/22/2014 12:16,1.245000024
7/22/2014 12:31,1.283999969
7/22/2014 12:46,1.323999998
7/22/2014 13:01,1.359999981
7/22/2014 13:16,1.394000086
7/22/2014 13:31,1.431000008
7/22/2014 13:46,1.459000043
7/22/2014 14:01,1.486999933
7/22/2014 14:16,1.512999945
7/22/2014 14:31,1.533000032
7/22/2014 14:46,1.550999951
7/22/2014 15:01,1.562999945
7/22/2014 15:16,1.567999931
7/22/2014 15:31,1.567999931
7/22/2014 15:46,1.55799996
7/22/2014 16:01,1.53499991
7/22/2014 16:16,1.507999959
7/22/2014 16:31,1.470000098
7/22/2014 16:46,1.422000121
7/22/2014 17:01,1.376000022
7/22/2014 17:16,1.335000054
7/22/2014 17:31,1.300999949
7/22/2014 17:46,1.268000074
7/22/2014 18:01,1.231999945
7/22/2014 18:16,1.198999998
7/22/2014 18:31,1.169000012
7/22/2014 18:46,1.147999986
7/22/2014 19:01,1.131000006
7/22/2014 19:16,1.118
7/22/2014 19:31,1.104999994
7/22/2014 19:46,1.098999997
7/22/2014 20:01,1.100999947
7/22/2014 20:16,1.123000058
7/22/2014 20:31,1.15999998
7/22/2014 20:46,1.215000038
7/22/2014 21:01,1.268000074
7/22/2014 21:16,1.326000022
7/22/2014 21:31,1.379999923
7/22/2014 21:46,1.43399997
7/22/2014 22:01,1.483000032
7/22/2014 22:16,1.539999895
7/22/2014 22:31,1.59700005
7/22/2014 22:46,1.650999952
7/22/2014 23:01,1.700000013
7/22/2014 23:16,1.743999944
7/22/2014 23:31,1.789999897
7/22/2014 23:46,1.827999903
7/23/2014 0:01,1.860999924
7/23/2014 0:16,1.886999936
7/23/2014 0:31,1.927000111
7/23/2014 0:46,1.957999963
7/23/2014 1:01,1.975999881
7/23/2014 1:16,2.002999977
7/23/2014 1:31,2.026000027
7/23/2014 1:46,2.039999899
7/23/2014 2:01,2.038000167
7/23/2014 2:16,2.029999928
7/23/2014 2:31,2.015000117
7/23/2014 2:46,1.981000012
7/23/2014 3:01,1.927000111
7/23/2014 3:16,1.874999942
7/23/2014 3:31,1.830000072
7/23/2014 3:46,1.774000002
7/23/2014 4:01,1.718000077
7/23/2014 4:16,1.66400003
7/23/2014 4:31,1.613000091
7/23/2014 4:46,1.565000114
7/23/2014 5:01,1.516000052
7/23/2014 5:16,1.464999968
7/23/2014 5:31,1.422000121
7/23/2014 5:46,1.371999976
7/23/2014 6:01,1.321000036
7/23/2014 6:16,1.273999998
7/23/2014 6:31,1.230000068
7/23/2014 6:46,1.182000018
7/23/2014 7:01,1.129999994
7/23/2014 7:16,1.080000066
7/23/2014 7:31,1.026999958
7/23/2014 7:46,0.978999981
7/23/2014 8:01,0.938000013
7/23/2014 8:16,0.89400001
7/23/2014 8:31,0.848999995
7/23/2014 8:46,0.806000003
7/23/2014 9:01,0.771000032
7/23/2014 9:16,0.732000014
7/23/2014 9:31,0.698999994
7/23/2014 9:46,0.675000005
7/23/2014 10:01,0.650000005
7/23/2014 10:16,0.639000022
7/23/2014 10:31,0.639999961
7/23/2014 10:46,0.661999999
7/23/2014 11:01,0.577000028
7/23/2014 11:16,0.569000007
7/23/2014 11:31,0.856000004
7/23/2014 11:46,0.941999987
7/23/2014 12:01,1.024000069
7/23/2014 12:16,1.087000002
7/23/2014 12:31,1.144999951
7/23/2014 12:46,1.190999977
7/23/2014 13:01,1.231999945
7/23/2014 13:16,1.273999998
7/23/2014 13:31,1.312999943
7/23/2014 13:46,1.348999926
7/23/2014 14:01,1.385999993
7/23/2014 14:16,1.419000014
7/23/2014 14:31,1.450000011
7/23/2014 14:46,1.478000046
7/23/2014 15:01,1.503999913
7/23/2014 15:16,1.526999962
7/23/2014 15:31,1.54700005
7/23/2014 15:46,1.562000006
7/23/2014 16:01,1.570000099
7/23/2014 16:16,1.571000038
7/23/2014 16:31,1.562999945
7/23/2014 16:46,1.545000026
7/23/2014 17:01,1.514999968
7/23/2014 17:16,1.476999962
7/23/2014 17:31,1.437000078
7/23/2014 17:46,1.39000004
7/23/2014 18:01,1.343000002
7/23/2014 18:16,1.295999963
7/23/2014 18:31,1.251000094
7/23/2014 18:46,1.212000003
7/23/2014 19:01,1.172999986
7/23/2014 19:16,1.138000014
7/23/2014 19:31,1.110999918
7/23/2014 19:46,1.085999991
7/23/2014 20:01,1.064000026
7/23/2014 20:16,1.047999985
7/23/2014 20:31,1.038000014
7/23/2014 20:46,1.039999964
7/23/2014 21:01,1.05299997
7/23/2014 21:16,1.075999947
7/23/2014 21:31,1.112000003
7/23/2014 21:46,1.156000006
7/23/2014 22:01,1.215000038
7/23/2014 22:16,1.27699996
7/23/2014 22:31,1.340999978
7/23/2014 22:46,1.399000072
7/23/2014 23:01,1.454000058
7/23/2014 23:16,1.504999997
7/23/2014 23:31,1.550999951
7/23/2014 23:46,1.59700005
7/24/2014 0:01,1.643000004
7/24/2014 0:16,1.688000019
7/24/2014 0:31,1.730000071
7/24/2014 0:46,1.769000016
7/24/2014 1:01,1.807000023
7/24/2014 1:16,1.840999982
7/24/2014 1:31,1.874999942
7/24/2014 1:46,1.900000014
7/24/2014 2:01,1.924000003
7/24/2014 2:16,1.942000067
7/24/2014 2:31,1.954000061
7/24/2014 2:46,1.954000061
7/24/2014 3:01,1.943000006
7/24/2014 3:16,1.924000003
7/24/2014 3:31,1.893000006
7/24/2014 3:46,1.847000052
7/24/2014 4:01,1.795999967
7/24/2014 4:16,1.743999944
7/24/2014 4:31,1.690000042
7/24/2014 4:46,1.633000033
7/24/2014 5:01,1.581000009
7/24/2014 5:16,1.529999924
7/24/2014 5:31,1.481999947
7/24/2014 5:46,1.429999924
7/24/2014 6:01,1.379999923
7/24/2014 6:16,1.330000068
7/24/2014 6:31,1.284999908
7/24/2014 6:46,1.240000039
7/24/2014 7:01,1.190999977
7/24/2014 7:16,1.139999965
7/24/2014 7:31,1.094000011
7/24/2014 7:46,1.047000046
7/24/2014 8:01,0.998999996
7/24/2014 8:16,0.947000045
7/24/2014 8:31,0.897999984
7/24/2014 8:46,0.85200003
7/24/2014 9:01,0.804999992
7/24/2014 9:16,0.759999977
7/24/2014 9:31,0.717999997
7/24/2014 9:46,0.676000017
7/24/2014 10:01,0.636999999
7/24/2014 10:16,0.606000002
7/24/2014 10:31,0.57599998
7/24/2014 10:46,0.552999966
7/24/2014 11:01,0.52999999
7/24/2014 11:16,0.526000016
7/24/2014 11:31,0.551999991
7/24/2014 11:46,0.605000026
7/24/2014 12:01,0.684000037
7/24/2014 12:16,0.765999974
7/24/2014 12:31,0.852999969
7/24/2014 12:46,0.934999978
7/24/2014 13:01,1.003000043
7/24/2014 13:16,1.062999941
7/24/2014 13:31,1.108999968
7/24/2014 13:46,1.151999959
7/24/2014 14:01,1.187000003
7/24/2014 14:16,1.223000059
7/24/2014 14:31,1.258999896
7/24/2014 14:46,1.295999963
7/24/2014 15:01,1.331999946
7/24/2014 15:16,1.363000089
7/24/2014 15:31,1.391999918
7/24/2014 15:46,1.417999929
7/24/2014 16:01,1.440999979
7/24/2014 16:16,1.464000029
7/24/2014 16:31,1.483999971
7/24/2014 16:46,1.493999942
7/24/2014 17:01,1.49600011
7/24/2014 17:16,1.49000004
7/24/2014 17:31,1.475000084
7/24/2014 17:46,1.443999941
7/24/2014 18:01,1.40600008
7/24/2014 18:16,1.362000005
7/24/2014 18:31,1.314000027
7/24/2014 18:46,1.264000027
7/24/2014 19:01,1.216999989
7/24/2014 19:16,1.173999997
7/24/2014 19:31,1.136000064
7/24/2014 19:46,1.098000058
7/24/2014 20:01,1.059999979
7/24/2014 20:16,1.024000069
7/24/2014 20:31,0.99400001
7/24/2014 20:46,0.966000048
7/24/2014 21:01,0.94400001
7/24/2014 21:16,0.933000027
7/24/2014 21:31,0.937000001
7/24/2014 21:46,0.952000031
7/24/2014 22:01,0.975000007
7/24/2014 22:16,1.011999929
7/24/2014 22:31,1.065999976
7/24/2014 22:46,1.128999982
7/24/2014 23:01,1.195000024
7/24/2014 23:16,1.258999896
7/24/2014 23:31,1.31699999
7/24/2014 23:46,1.369000013
7/25/2014 0:01,1.419999953
7/25/2014 0:16,1.469000014
7/25/2014 0:31,1.518000076
7/25/2014 0:46,1.564000029
7/25/2014 1:01,1.610999922
7/25/2014 1:16,1.65799996
7/25/2014 1:31,1.69799999
7/25/2014 1:46,1.736999935
7/25/2014 2:01,1.77100004
7/25/2014 2:16,1.805999938
7/25/2014 2:31,1.835999997
7/25/2014 2:46,1.853999915
7/25/2014 3:01,1.873000064
7/25/2014 3:16,1.885000058
7/25/2014 3:31,1.889000105
7/25/2014 3:46,1.876000026
7/25/2014 4:01,1.855
7/25/2014 4:16,1.821999979
7/25/2014 4:31,1.778999987
7/25/2014 4:46,1.730000071
7/25/2014 5:01,1.674000001
7/25/2014 5:16,1.616999992
7/25/2014 5:31,1.562000006
7/25/2014 5:46,1.507999959
7/25/2014 6:01,1.455999936
7/25/2014 6:16,1.406999874
7/25/2014 6:31,1.355999935
7/25/2014 6:46,1.309000042
7/25/2014 7:01,1.261000065
7/25/2014 7:16,1.213000088
7/25/2014 7:31,1.164000026
7/25/2014 7:46,1.116000049
7/25/2014 8:01,1.067999927
7/25/2014 8:16,1.021000034
7/25/2014 8:31,0.971999973
7/25/2014 8:46,0.923999995
7/25/2014 9:01,0.876999957
7/25/2014 9:16,0.831000003
7/25/2014 9:31,0.790000035
7/25/2014 9:46,0.742999997
7/25/2014 10:01,0.697999982
7/25/2014 10:16,0.65499999
7/25/2014 10:31,0.616999984
7/25/2014 10:46,0.582000013
7/25/2014 11:01,0.549000029
7/25/2014 11:16,0.519000007
7/25/2014 11:31,0.497999981
7/25/2014 11:46,0.492999995
7/25/2014 12:01,0.514999997
7/25/2014 12:16,0.569000007
7/25/2014 12:31,0.644999947
7/25/2014 12:46,0.727999968
7/25/2014 13:01,0.816999986
7/25/2014 13:16,0.903999981
7/25/2014 13:31,0.977000031
7/25/2014 13:46,1.040999976
7/25/2014 14:01,1.090999976
7/25/2014 14:16,1.136000064
7/25/2014 14:31,1.174999936
7/25/2014 14:46,1.213000088
7/25/2014 15:01,1.252000033
7/25/2014 15:16,1.295000024
7/25/2014 15:31,1.335000054
7/25/2014 15:46,1.369999952
7/25/2014 16:01,1.404999996
7/25/2014 16:16,1.43399997
7/25/2014 16:31,1.462000005
7/25/2014 16:46,1.485999994
7/25/2014 17:01,1.506000081
7/25/2014 17:16,1.521999977
7/25/2014 17:31,1.528999986
7/25/2014 17:46,1.526000023
7/25/2014 18:01,1.509999982
7/25/2014 18:16,1.485000055
7/25/2014 18:31,1.45700002
7/25/2014 18:46,1.421000037
7/25/2014 19:01,1.378000045
7/25/2014 19:16,1.331000007
7/25/2014 19:31,1.281999946
7/25/2014 19:46,1.231999945
7/25/2014 20:01,1.184000041
7/25/2014 20:16,1.146999974
7/25/2014 20:31,1.110999918
7/25/2014 20:46,1.072000046
7/25/2014 21:01,1.03400004
7/25/2014 21:16,1.003000043
7/25/2014 21:31,0.97799997
7/25/2014 21:46,0.957000016
7/25/2014 22:01,0.94400001
7/25/2014 22:16,0.941999987
7/25/2014 22:31,0.956000004
7/25/2014 22:46,0.984999978
7/25/2014 23:01,1.031000005
7/25/2014 23:16,1.088999953
7/25/2014 23:31,1.152999971
7/25/2014 23:46,1.219000012
7/26/2014 0:01,1.283999969
7/26/2014 0:16,1.343000002
7/26/2014 0:31,1.397999987
7/26/2014 0:46,1.447999988
7/26/2014 1:01,1.502999974
7/26/2014 1:16,1.550000012
7/26/2014 1:31,1.595999966
7/26/2014 1:46,1.640000042
7/26/2014 2:01,1.693999943
7/26/2014 2:16,1.74799999
7/26/2014 2:31,1.788000019
7/26/2014 2:46,1.815000116
7/26/2014 3:01,1.845999968
7/26/2014 3:16,1.869999956
7/26/2014 3:31,1.889000105
7/26/2014 3:46,1.906000084
7/26/2014 4:01,1.914000032
7/26/2014 4:16,1.906999878
7/26/2014 4:31,1.885999997
7/26/2014 4:46,1.862000008
7/26/2014 5:01,1.822999918
7/26/2014 5:16,1.771999979
7/26/2014 5:31,1.719000016
7/26/2014 5:46,1.667999931
7/26/2014 6:01,1.616000053
7/26/2014 6:16,1.55799996
7/26/2014 6:31,1.507999959
7/26/2014 6:46,1.460999921
7/26/2014 7:01,1.412000005
7/26/2014 7:16,1.359999981
7/26/2014 7:31,1.309000042
7/26/2014 7:46,1.259999981
7/26/2014 8:01,1.212000003
7/26/2014 8:16,1.163000015
7/26/2014 8:31,1.115000038
7/26/2014 8:46,1.065999976
7/26/2014 9:01,1.019000083
7/26/2014 9:16,0.972999984
7/26/2014 9:31,0.925000007
7/26/2014 9:46,0.878000042
7/26/2014 10:01,0.838000012
7/26/2014 10:16,0.794000009
7/26/2014 10:31,0.748000055
7/26/2014 10:46,0.70300004
7/26/2014 11:01,0.666999985
7/26/2014 11:16,0.633000025
7/26/2014 11:31,0.597999981
7/26/2014 11:46,0.569000007
7/26/2014 12:01,0.552999966
7/26/2014 12:16,0.554000014
7/26/2014 12:31,0.570999994
7/26/2014 12:46,0.614000022
7/26/2014 13:01,0.683000026
7/26/2014 13:16,0.769999948
7/26/2014 13:31,0.862000001
7/26/2014 13:46,0.947000045
7/26/2014 14:01,1.022999985
7/26/2014 14:16,1.087000002
7/26/2014 14:31,1.136000064
7/26/2014 14:46,1.177999971
7/26/2014 15:01,1.22099989
7/26/2014 15:16,1.261000065
7/26/2014 15:31,1.297000048
7/26/2014 15:46,1.338000016
7/26/2014 16:01,1.379999923
7/26/2014 16:16,1.414999967
7/26/2014 16:31,1.447000049
7/26/2014 16:46,1.481000008
7/26/2014 17:01,1.514000029
7/26/2014 17:16,1.539999895
7/26/2014 17:31,1.562999945
7/26/2014 17:46,1.585000056
7/26/2014 18:01,1.595999966
7/26/2014 18:16,1.59700005
7/26/2014 18:31,1.587000079
7/26/2014 18:46,1.566999992
7/26/2014 19:01,1.528000047
7/26/2014 19:16,1.480000069
7/26/2014 19:31,1.434999909
7/26/2014 19:46,1.390999979
7/26/2014 20:01,1.343000002
7/26/2014 20:16,1.2890001
7/26/2014 20:31,1.241999916
7/26/2014 20:46,1.203999983
7/26/2014 21:01,1.165999977
7/26/2014 21:16,1.126999959
7/26/2014 21:31,1.090999976
7/26/2014 21:46,1.060999991
7/26/2014 22:01,1.031999944
7/26/2014 22:16,1.001999958
7/26/2014 22:31,0.976000019
7/26/2014 22:46,0.96099999
7/26/2014 23:01,0.963000013
7/26/2014 23:16,0.972999984
7/26/2014 23:31,1.003000043
7/26/2014 23:46,1.057000017
7/27/2014 0:01,1.123000058
7/27/2014 0:16,1.190000038
7/27/2014 0:31,1.257999957
7/27/2014 0:46,1.319000013
7/27/2014 1:01,1.38399997
7/27/2014 1:16,1.431000008
7/27/2014 1:31,1.478999985
7/27/2014 1:46,1.528000047
7/27/2014 2:01,1.581000009
7/27/2014 2:16,1.643000004
7/27/2014 2:31,1.688000019
7/27/2014 2:46,1.731999949
7/27/2014 3:01,1.768000077
7/27/2014 3:16,1.800999953
7/27/2014 3:31,1.828999988
7/27/2014 3:46,1.858000107
7/27/2014 4:01,1.88199995
7/27/2014 4:16,1.901999892
7/27/2014 4:31,1.912000009
7/27/2014 4:46,1.914000032
7/27/2014 5:01,1.895999968
7/27/2014 5:16,1.889000105
7/27/2014 5:31,1.864000032
7/27/2014 5:46,1.821999979
7/27/2014 6:01,1.764000031
7/27/2014 6:16,1.709999984
7/27/2014 6:31,1.65799996
7/27/2014 6:46,1.595000027
7/27/2014 7:01,1.544000087
7/27/2014 7:16,1.501000096
7/27/2014 7:31,1.459000043
7/27/2014 7:46,1.411000066
7/27/2014 8:01,1.350999949
7/27/2014 8:16,1.299000071
7/27/2014 8:31,1.252999972
7/27/2014 8:46,1.208999969
7/27/2014 9:01,1.164999965
7/27/2014 9:16,1.116999988
7/27/2014 9:31,1.06700006
7/27/2014 9:46,1.017999999
7/27/2014 10:01,0.964999964
7/27/2014 10:16,0.91900001
7/27/2014 10:31,0.879999992
7/27/2014 10:46,0.841999986
7/27/2014 11:01,0.801000018
7/27/2014 11:16,0.75399998
7/27/2014 11:31,0.709999976
7/27/2014 11:46,0.675000005
7/27/2014 12:01,0.646000031
7/27/2014 12:16,0.611999999
7/27/2014 12:31,0.593999971
7/27/2014 12:46,0.601999992
7/27/2014 13:01,0.62999999
7/27/2014 13:16,0.666999985
7/27/2014 13:31,0.729999991
7/27/2014 13:46,0.810999989
7/27/2014 14:01,0.900000007
7/27/2014 14:16,0.978999981
7/27/2014 14:31,1.048999996
7/27/2014 14:46,1.109999979
7/27/2014 15:01,1.159000041
7/27/2014 15:16,1.202000032
7/27/2014 15:31,1.245000024
7/27/2014 15:46,1.290999978
7/27/2014 16:01,1.331000007
7/27/2014 16:16,1.364999967
7/27/2014 16:31,1.404999996
7/27/2014 16:46,1.445999965
7/27/2014 17:01,1.476999962
7/27/2014 17:16,1.506000081
7/27/2014 17:31,1.539000102
7/27/2014 17:46,1.567999931
7/27/2014 18:01,1.590000041
7/27/2014 18:16,1.602000035
7/27/2014 18:31,1.614999969
7/27/2014 18:46,1.621999977
7/27/2014 19:01,1.608000105
7/27/2014 19:16,1.577999902
7/27/2014 19:31,1.549000073
7/27/2014 19:46,1.512000006
7/27/2014 20:01,1.459999982
7/27/2014 20:16,1.411000066
7/27/2014 20:31,1.363000089
7/27/2014 20:46,1.316000051
7/27/2014 21:01,1.269000013
7/27/2014 21:16,1.225000082
7/27/2014 21:31,1.182999957
7/27/2014 21:46,1.141999988
7/27/2014 22:01,1.102000032
7/27/2014 22:16,1.064000026
7/27/2014 22:31,1.036999929
7/27/2014 22:46,1.008000028
7/27/2014 23:01,0.981000005
7/27/2014 23:16,0.96099999
7/27/2014 23:31,0.959999978
7/27/2014 23:46,0.981000005
7/28/2014 0:01,1.013000014
7/28/2014 0:16,1.05299997
7/28/2014 0:31,1.113999953
7/28/2014 0:46,1.181000006
7/28/2014 1:01,1.24399994
7/28/2014 1:16,1.305999934
7/28/2014 1:31,1.371999976
7/28/2014 1:46,1.433000031
7/28/2014 2:01,1.480000069
7/28/2014 2:16,1.524
7/28/2014 2:31,1.572999916
7/28/2014 2:46,1.623000062
7/28/2014 3:01,1.666999992
7/28/2014 3:16,1.710999923
7/28/2014 3:31,1.752999976
7/28/2014 3:46,1.785999996
7/28/2014 4:01,1.815000116
7/28/2014 4:16,1.850000014
7/28/2014 4:31,1.879999927
7/28/2014 4:46,1.900000014
7/28/2014 5:01,1.916000055
7/28/2014 5:16,1.926000026
7/28/2014 5:31,1.927000111
7/28/2014 5:46,1.907999962
7/28/2014 6:01,1.881000011
7/28/2014 6:16,1.840000043
7/28/2014 6:31,1.80400006
7/28/2014 6:46,1.754999999
7/28/2014 7:01,1.70400006
7/28/2014 7:16,1.649000074
7/28/2014 7:31,1.595999966
7/28/2014 7:46,1.54099998
7/28/2014 8:01,1.486999933
7/28/2014 8:16,1.440999979
7/28/2014 8:31,1.397999987
7/28/2014 8:46,1.352000034
7/28/2014 9:01,1.304000056
7/28/2014 9:16,1.257999957
7/28/2014 9:31,1.215000038
7/28/2014 9:46,1.169000012
7/28/2014 10:01,1.121000035
7/28/2014 10:16,1.073999997
7/28/2014 10:31,1.02799997
7/28/2014 10:46,0.987000002
7/28/2014 11:01,0.939999964
7/28/2014 11:16,0.894999949
7/28/2014 11:31,0.854999992
7/28/2014 11:46,0.817999998
7/28/2014 12:01,0.77899998
7/28/2014 12:16,0.742999997
7/28/2014 12:31,0.711000061
7/28/2014 12:46,0.689000023
7/28/2014 13:01,0.676000017
7/28/2014 13:16,0.683000026
7/28/2014 13:31,0.712
7/28/2014 13:46,0.764000023
7/28/2014 14:01,0.829999992
7/28/2014 14:16,0.913999952
7/28/2014 14:31,1.001999958
7/28/2014 14:46,1.081000005
7/28/2014 15:01,1.144999951
7/28/2014 15:16,1.197000047
7/28/2014 15:31,1.246000108
7/28/2014 15:46,1.2890001
7/28/2014 16:01,1.335999993
7/28/2014 16:16,1.378999984
7/28/2014 16:31,1.41699999
7/28/2014 16:46,1.455999936
7/28/2014 17:01,1.493999942
7/28/2014 17:16,1.528000047
7/28/2014 17:31,1.565000114
7/28/2014 17:46,1.595999966
7/28/2014 18:01,1.62499994
7/28/2014 18:16,1.654000059
7/28/2014 18:31,1.684999911
7/28/2014 18:46,1.70400006
7/28/2014 19:01,1.713000092
7/28/2014 19:16,1.707000022
7/28/2014 19:31,1.690999981
7/28/2014 19:46,1.66400003
7/28/2014 20:01,1.635999995
7/28/2014 20:16,1.59700005
7/28/2014 20:31,1.54700005
7/28/2014 20:46,1.491999918
7/28/2014 21:01,1.437000078
7/28/2014 21:16,1.391999918
7/28/2014 21:31,1.348999926
7/28/2014 21:46,1.305999934
7/28/2014 22:01,1.254999995
7/28/2014 22:16,1.207000018
7/28/2014 22:31,1.164999965
7/28/2014 22:46,1.128999982
7/28/2014 23:01,1.090999976
7/28/2014 23:16,1.05299997
7/28/2014 23:31,1.017999999
7/28/2014 23:46,0.982000016
7/29/2014 0:01,0.96099999
7/29/2014 0:16,0.956000004
7/29/2014 0:31,0.970000022
7/29/2014 0:46,0.99400001
7/29/2014 1:01,1.040999976
7/29/2014 1:16,1.100000008
7/29/2014 1:31,1.171000035
7/29/2014 1:46,1.241000123
7/29/2014 2:01,1.312000004
7/29/2014 2:16,1.37300006
7/29/2014 2:31,1.428000046
7/29/2014 2:46,1.476999962
7/29/2014 3:01,1.528999986
7/29/2014 3:16,1.575000085
7/29/2014 3:31,1.613000091
7/29/2014 3:46,1.654000059
7/29/2014 4:01,1.700999952
7/29/2014 4:16,1.743999944
7/29/2014 4:31,1.778999987
7/29/2014 4:46,1.802000037
7/29/2014 5:01,1.827999903
7/29/2014 5:16,1.850000014
7/29/2014 5:31,1.863000093
7/29/2014 5:46,1.860999924
7/29/2014 6:01,1.864000032
7/29/2014 6:16,1.858999901
7/29/2014 6:31,1.843999944
7/29/2014 6:46,1.80400006
7/29/2014 7:01,1.753999915
7/29/2014 7:16,1.700000013
7/29/2014 7:31,1.643000004
7/29/2014 7:46,1.583999971
7/29/2014 8:01,1.531999948
7/29/2014 8:16,1.485999994
7/29/2014 8:31,1.44000004
7/29/2014 8:46,1.385000054
7/29/2014 9:01,1.330000068
7/29/2014 9:16,1.283999969
7/29/2014 9:31,1.236999931
7/29/2014 9:46,1.184999907
7/29/2014 10:01,1.139999965
7/29/2014 10:16,1.095000023
7/29/2014 10:31,1.048999996
7/29/2014 10:46,0.998999996
7/29/2014 11:01,0.950000007
7/29/2014 11:16,0.907000016
7/29/2014 11:31,0.864000024
7/29/2014 11:46,0.822000044
7/29/2014 12:01,0.783000026
7/29/2014 12:16,0.741999985
7/29/2014 12:31,0.700000005
7/29/2014 12:46,0.660000049
7/29/2014 13:01,0.636999999
7/29/2014 13:16,0.616999984
7/29/2014 13:31,0.61300001
7/29/2014 13:46,0.625000005
7/29/2014 14:01,0.665999973
7/29/2014 14:16,0.729999991
7/29/2014 14:31,0.809999977
7/29/2014 14:46,0.897000045
7/29/2014 15:01,0.977000031
7/29/2014 15:16,1.049999935
7/29/2014 15:31,1.113000014
7/29/2014 15:46,1.164000026
7/29/2014 16:01,1.207999957
7/29/2014 16:16,1.251000094
7/29/2014 16:31,1.297000048
7/29/2014 16:46,1.338000016
7/29/2014 17:01,1.376999961
7/29/2014 17:16,1.416000051
7/29/2014 17:31,1.454999997
7/29/2014 17:46,1.493000003
7/29/2014 18:01,1.529999924
7/29/2014 18:16,1.564000029
7/29/2014 18:31,1.592000064
7/29/2014 18:46,1.624000001
7/29/2014 19:01,1.647999989
7/29/2014 19:16,1.671000039
7/29/2014 19:31,1.67499994
7/29/2014 19:46,1.671999978
7/29/2014 20:01,1.662000007
7/29/2014 20:16,1.636999934
7/29/2014 20:31,1.597999989
7/29/2014 20:46,1.550999951
7/29/2014 21:01,1.50700002
7/29/2014 21:16,1.459000043
7/29/2014 21:31,1.404000057
7/29/2014 21:46,1.35000001
7/29/2014 22:01,1.300999949
7/29/2014 22:16,1.254999995
7/29/2014 22:31,1.207000018
7/29/2014 22:46,1.164999965
7/29/2014 23:01,1.128000043
7/29/2014 23:16,1.096999973
7/29/2014 23:31,1.054999921
7/29/2014 23:46,1.01999995
7/30/2014 0:01,0.987999941
7/30/2014 0:16,0.966000048
7/30/2014 0:31,0.945000022
7/30/2014 0:46,0.93599999
7/30/2014 1:01,0.939999964
7/30/2014 1:16,0.962000002
7/30/2014 1:31,0.995999961
7/30/2014 1:46,1.052000031
7/30/2014 2:01,1.125000009
7/30/2014 2:16,1.194000012
7/30/2014 2:31,1.251000094
7/30/2014 2:46,1.300999949
7/30/2014 3:01,1.350999949
7/30/2014 3:16,1.401000095
7/30/2014 3:31,1.449000072
7/30/2014 3:46,1.495000026
7/30/2014 4:01,1.531999948
7/30/2014 4:16,1.572999916
7/30/2014 4:31,1.612000006
7/30/2014 4:46,1.656000082
7/30/2014 5:01,1.693999943
7/30/2014 5:16,1.735000057
7/30/2014 5:31,1.769999955
7/30/2014 5:46,1.789000104
7/30/2014 6:01,1.804999999
7/30/2014 6:16,1.816999994
7/30/2014 6:31,1.810999924
7/30/2014 6:46,1.79799999
7/30/2014 7:01,1.783999973
7/30/2014 7:16,1.7589999
7/30/2014 7:31,1.715999908
7/30/2014 7:46,1.676000024
7/30/2014 8:01,1.62499994
7/30/2014 8:16,1.570000099
7/30/2014 8:31,1.512000006
7/30/2014 8:46,1.462000005
7/30/2014 9:01,1.416000051
7/30/2014 9:16,1.369000013
7/30/2014 9:31,1.322999914
7/30/2014 9:46,1.273999998
7/30/2014 10:01,1.223000059
7/30/2014 10:16,1.176000021
7/30/2014 10:31,1.131000006
7/30/2014 10:46,1.085000052
7/30/2014 11:01,1.038000014
7/30/2014 11:16,0.991999987
7/30/2014 11:31,0.945999961
7/30/2014 11:46,0.903999981
7/30/2014 12:01,0.86000005
7/30/2014 12:16,0.814999963
7/30/2014 12:31,0.771000032
7/30/2014 12:46,0.737
7/30/2014 13:01,0.70300004
7/30/2014 13:16,0.67199997
7/30/2014 13:31,0.644999947
7/30/2014 13:46,0.631000002
7/30/2014 14:01,0.632000014
7/30/2014 14:16,0.656000002
7/30/2014 14:31,0.700999944
7/30/2014 14:46,0.769000009
7/30/2014 15:01,0.846999972
7/30/2014 15:16,0.933000027
7/30/2014 15:31,1.011999929
7/30/2014 15:46,1.082999956
7/30/2014 16:01,1.141000049
7/30/2014 16:16,1.190999977
7/30/2014 16:31,1.238000015
7/30/2014 16:46,1.28300003
7/30/2014 17:01,1.3279999
7/30/2014 17:16,1.371999976
7/30/2014 17:31,1.412999944
7/30/2014 17:46,1.45099995
7/30/2014 18:01,1.488999956
7/30/2014 18:16,1.526999962
7/30/2014 18:31,1.562999945
7/30/2014 18:46,1.597999989
7/30/2014 19:01,1.633000033
7/30/2014 19:16,1.659000045
7/30/2014 19:31,1.678999987
7/30/2014 19:46,1.693000004
7/30/2014 20:01,1.70400006
7/30/2014 20:16,1.704999998
7/30/2014 20:31,1.690999981
7/30/2014 20:46,1.656000082
7/30/2014 21:01,1.618000076
7/30/2014 21:16,1.571999977
7/30/2014 21:31,1.523000061
7/30/2014 21:46,1.466999991
7/30/2014 22:01,1.409999982
7/30/2014 22:16,1.358000103
7/30/2014 22:31,1.315000112
7/30/2014 22:46,1.268000074
7/30/2014 23:01,1.226000021
7/30/2014 23:16,1.184000041
7/30/2014 23:31,1.147999986
7/30/2014 23:46,1.108999968
7/31/2014 0:01,1.073999997
7/31/2014 0:16,1.046000034
7/31/2014 0:31,1.021000034
7/31/2014 0:46,0.995000022
7/31/2014 1:01,0.972999984
7/31/2014 1:16,0.950000007
7/31/2014 1:31,0.939999964
7/31/2014 1:46,0.938000013
7/31/2014 2:01,0.941999987
7/31/2014 2:16,0.963000013
7/31/2014 2:31,0.99400001
7/31/2014 2:46,1.034999979
7/31/2014 3:01,1.100999947
7/31/2014 3:16,1.173999997
7/31/2014 3:31,1.240000039
7/31/2014 3:46,1.294000085
7/31/2014 4:01,1.343000002
7/31/2014 4:16,1.39000004
7/31/2014 4:31,1.432000092
7/31/2014 4:46,1.473000061
7/31/2014 5:01,1.514999968
7/31/2014 5:16,1.554999997
7/31/2014 5:31,1.593999942
7/31/2014 5:46,1.629999925
7/31/2014 6:01,1.662000007
7/31/2014 6:16,1.685999995
7/31/2014 6:31,1.702999975
7/31/2014 6:46,1.714000031
7/31/2014 7:01,1.718000077
7/31/2014 7:16,1.716999993
7/31/2014 7:31,1.710999923
7/31/2014 7:46,1.695999966
7/31/2014 8:01,1.669000016
7/31/2014 8:16,1.628999986
7/31/2014 8:31,1.578999986
7/31/2014 8:46,1.528999986
7/31/2014 9:01,1.473000061
7/31/2014 9:16,1.421000037
7/31/2014 9:31,1.371999976
7/31/2014 9:46,1.330000068
7/31/2014 10:01,1.284999908
7/31/2014 10:16,1.238000015
7/31/2014 10:31,1.187999942
7/31/2014 10:46,1.141000049
7/31/2014 11:01,1.100000008
7/31/2014 11:16,1.054999921
7/31/2014 11:31,1.008999967
7/31/2014 11:46,0.966000048
7/31/2014 12:01,0.923999995
7/31/2014 12:16,0.881000004
7/31/2014 12:31,0.838000012
7/31/2014 12:46,0.796000032
7/31/2014 13:01,0.759000038
7/31/2014 13:16,0.726000017
7/31/2014 13:31,0.694000008
7/31/2014 13:46,0.667999996
7/31/2014 14:01,0.652999967
7/31/2014 14:16,0.644000008
7/31/2014 14:31,0.644999947
7/31/2014 14:46,0.684000037
7/31/2014 15:01,0.740999974
7/31/2014 15:16,0.812
7/31/2014 15:31,0.889999963
7/31/2014 15:46,0.96900001
7/31/2014 16:01,1.04200006
7/31/2014 16:16,1.103999982
7/31/2014 16:31,1.156999945
7/31/2014 16:46,1.200000082
7/31/2014 17:01,1.240000039
7/31/2014 17:16,1.283999969
7/31/2014 17:31,1.326000022
7/31/2014 17:46,1.369999952
7/31/2014 18:01,1.412000005
7/31/2014 18:16,1.454999997
7/31/2014 18:31,1.49600011
7/31/2014 18:46,1.533000032
7/31/2014 19:01,1.566999992
7/31/2014 19:16,1.602000035
7/31/2014 19:31,1.626000024
7/31/2014 19:46,1.651999891
7/31/2014 20:01,1.679999926
7/31/2014 20:16,1.698999929
7/31/2014 20:31,1.709999984
7/31/2014 20:46,1.714000031
7/31/2014 21:01,1.695000027
7/31/2014 21:16,1.661000068
7/31/2014 21:31,1.621999977
7/31/2014 21:46,1.58000007
7/31/2014 22:01,1.538000018
7/31/2014 22:16,1.485999994
7/31/2014 22:31,1.43399997
7/31/2014 22:46,1.383000031
7/31/2014 23:01,1.338999955
7/31/2014 23:16,1.292000062
7/31/2014 23:31,1.24399994
7/31/2014 23:46,1.197999986
8/1/2014 0:01,1.163000015
8/1/2014 0:16,1.125000009
8/1/2014 0:31,1.083999968
8/1/2014 0:46,1.047000046
8/1/2014 1:01,1.014000025
8/1/2014 1:16,0.978999981
8/1/2014 1:31,0.945999961
8/1/2014 1:46,0.913999952
8/1/2014 2:01,0.89400001
8/1/2014 2:16,0.884999978
8/1/2014 2:31,0.875000007
8/1/2014 2:46,0.86900001
8/1/2014 3:01,0.887000001
8/1/2014 3:16,0.920000022
8/1/2014 3:31,0.956000004
8/1/2014 3:46,1.001000019
8/1/2014 4:01,1.057000017
8/1/2014 4:16,1.121999974
8/1/2014 4:31,1.181000006
8/1/2014 4:46,1.231000006
8/1/2014 5:01,1.27699996
8/1/2014 5:16,1.321999975
8/1/2014 5:31,1.364000028
8/1/2014 5:46,1.404999996
8/1/2014 6:01,1.44000004
8/1/2014 6:16,1.471999976
8/1/2014 6:31,1.502000035
8/1/2014 6:46,1.533999971
8/1/2014 7:01,1.565000114
8/1/2014 7:16,1.581999948
8/1/2014 7:31,1.592000064
8/1/2014 7:46,1.603999913
8/1/2014 8:01,1.608000105
8/1/2014 8:16,1.598999928
8/1/2014 8:31,1.575000085
8/1/2014 8:46,1.547999989
8/1/2014 9:01,1.514000029
8/1/2014 9:16,1.468000075
8/1/2014 9:31,1.412999944
8/1/2014 9:46,1.364000028
8/1/2014 10:01,1.319000013
8/1/2014 10:16,1.271000036
8/1/2014 10:31,1.226000021
8/1/2014 10:46,1.182999957
8/1/2014 11:01,1.138000014
8/1/2014 11:16,1.091999988
8/1/2014 11:31,1.047999985
8/1/2014 11:46,1.006000077
8/1/2014 12:01,0.963999952
8/1/2014 12:16,0.920000022
8/1/2014 12:31,0.876999957
8/1/2014 12:46,0.832000015
8/1/2014 13:01,0.791999986
8/1/2014 13:16,0.754999991
8/1/2014 13:31,0.721000032
8/1/2014 13:46,0.689999962
8/1/2014 14:01,0.661999999
8/1/2014 14:16,0.644000008
8/1/2014 14:31,0.632000014
8/1/2014 14:46,0.640999973
8/1/2014 15:01,0.67000002
8/1/2014 15:16,0.712
8/1/2014 15:31,0.772000044
8/1/2014 15:46,0.846999972
8/1/2014 16:01,0.923999995
8/1/2014 16:16,0.998999996
8/1/2014 16:31,1.062999941
8/1/2014 16:46,1.120000023
8/1/2014 17:01,1.169999951
8/1/2014 17:16,1.216999989
8/1/2014 17:31,1.261000065
8/1/2014 17:46,1.31099992
8/1/2014 18:01,1.36099992
8/1/2014 18:16,1.404000057
8/1/2014 18:31,1.442000063
8/1/2014 18:46,1.483000032
8/1/2014 19:01,1.523000061
8/1/2014 19:16,1.560999922
8/1/2014 19:31,1.600999951
8/1/2014 19:46,1.640000042
8/1/2014 20:01,1.671999978
8/1/2014 20:16,1.690000042
8/1/2014 20:31,1.707999961
8/1/2014 20:46,1.728000048
8/1/2014 21:01,1.736999935
8/1/2014 21:16,1.733999973
8/1/2014 21:31,1.725000086
8/1/2014 21:46,1.707999961
8/1/2014 22:01,1.669999955
8/1/2014 22:16,1.619000015
8/1/2014 22:31,1.576999963
8/1/2014 22:46,1.528999986
8/1/2014 23:01,1.478999985
8/1/2014 23:16,1.428999985
8/1/2014 23:31,1.386999932
8/1/2014 23:46,1.340000039
8/2/2014 0:01,1.289999894
8/2/2014 0:16,1.24399994
8/2/2014 0:31,1.198999998
8/2/2014 0:46,1.152999971
8/2/2014 1:01,1.113000014
8/2/2014 1:16,1.070999962
8/2/2014 1:31,1.038000014
8/2/2014 1:46,1.006000077
8/2/2014 2:01,0.971999973
8/2/2014 2:16,0.93599999
8/2/2014 2:31,0.903999981
8/2/2014 2:46,0.883000027
8/2/2014 3:01,0.866999986
8/2/2014 3:16,0.857000015
8/2/2014 3:31,0.857999954
8/2/2014 3:46,0.86299994
8/2/2014 4:01,0.865999975
8/2/2014 4:16,0.870000021
8/2/2014 4:31,0.912000001
8/2/2014 4:46,0.981000005
8/2/2014 5:01,1.047000046
8/2/2014 5:16,1.098999997
8/2/2014 5:31,1.15100002
8/2/2014 5:46,1.195999963
8/2/2014 6:01,1.241000123
8/2/2014 6:16,1.278000045
8/2/2014 6:31,1.320000097
8/2/2014 6:46,1.364999967
8/2/2014 7:01,1.401999889
8/2/2014 7:16,1.435999994
8/2/2014 7:31,1.469000014
8/2/2014 7:46,1.503999913
8/2/2014 8:01,1.528999986
8/2/2014 8:16,1.550999951
8/2/2014 8:31,1.562000006
8/2/2014 8:46,1.574
8/2/2014 9:01,1.569000015
8/2/2014 9:16,1.569000015
8/2/2014 9:31,1.545999965
8/2/2014 9:46,1.519000014
8/2/2014 10:01,1.471999976
8/2/2014 10:16,1.422000121
8/2/2014 10:31,1.371000037
8/2/2014 10:46,1.325000083
8/2/2014 11:01,1.283999969
8/2/2014 11:16,1.240000039
8/2/2014 11:31,1.202000032
8/2/2014 11:46,1.163000015
8/2/2014 12:01,1.120000023
8/2/2014 12:16,1.07799997
8/2/2014 12:31,1.036999929
8/2/2014 12:46,0.995000022
8/2/2014 13:01,0.957000016
8/2/2014 13:16,0.913999952
8/2/2014 13:31,0.86900001
8/2/2014 13:46,0.833999966
8/2/2014 14:01,0.802999968
8/2/2014 14:16,0.773999994
8/2/2014 14:31,0.748000055
8/2/2014 14:46,0.731000003
8/2/2014 15:01,0.716999985
8/2/2014 15:16,0.709999976
8/2/2014 15:31,0.727999968
8/2/2014 15:46,0.769999948
8/2/2014 16:01,0.823999995
8/2/2014 16:16,0.891999986
8/2/2014 16:31,0.958000028
8/2/2014 16:46,1.02799997
8/2/2014 17:01,1.090999976
8/2/2014 17:16,1.151999959
8/2/2014 17:31,1.205000067
8/2/2014 17:46,1.257000018
8/2/2014 18:01,1.304000056
8/2/2014 18:16,1.345000025
8/2/2014 18:31,1.390999979
8/2/2014 18:46,1.437000078
8/2/2014 19:01,1.481999947
8/2/2014 19:16,1.528000047
8/2/2014 19:31,1.567999931
8/2/2014 19:46,1.610999922
8/2/2014 20:01,1.649000074
8/2/2014 20:16,1.674000001
8/2/2014 20:31,1.702999975
8/2/2014 20:46,1.735999996
8/2/2014 21:01,1.762000008
8/2/2014 21:16,1.776000025
8/2/2014 21:31,1.78199995
8/2/2014 21:46,1.789999897
8/2/2014 22:01,1.784999912
8/2/2014 22:16,1.764000031
8/2/2014 22:31,1.735000057
8/2/2014 22:46,1.700999952
8/2/2014 23:01,1.65799996
8/2/2014 23:16,1.602000035
8/2/2014 23:31,1.54700005
8/2/2014 23:46,1.501000096
8/3/2014 0:01,1.462000005
8/3/2014 0:16,1.422000121
8/3/2014 0:31,1.379999923
8/3/2014 0:46,1.335000054
8/3/2014 1:01,1.285999992
8/3/2014 1:16,1.240000039
8/3/2014 1:31,1.198999998
8/3/2014 1:46,1.164000026
8/3/2014 2:01,1.123999924
8/3/2014 2:16,1.081000005
8/3/2014 2:31,1.04499995
8/3/2014 2:46,1.008000028
8/3/2014 3:01,0.970000022
8/3/2014 3:16,0.941999987
8/3/2014 3:31,0.915999975
8/3/2014 3:46,0.891999986
8/3/2014 4:01,0.867999998
8/3/2014 4:16,0.841999986
8/3/2014 4:31,0.819000009
8/3/2014 4:46,0.809999977
8/3/2014 5:01,0.814000024
8/3/2014 5:16,0.828000041
8/3/2014 5:31,0.848999995
8/3/2014 5:46,0.896000033
8/3/2014 6:01,0.958000028
8/3/2014 6:16,1.026000019
8/3/2014 6:31,1.085000052
8/3/2014 6:46,1.13499998
8/3/2014 7:01,1.173999997
8/3/2014 7:16,1.216999989
8/3/2014 7:31,1.259999981
8/3/2014 7:46,1.297999987
8/3/2014 8:01,1.338999955
8/3/2014 8:16,1.371000037
8/3/2014 8:31,1.401000095
8/3/2014 8:46,1.428999985
8/3/2014 9:01,1.452000034
8/3/2014 9:16,1.470000098
8/3/2014 9:31,1.485999994
8/3/2014 9:46,1.493999942
8/3/2014 10:01,1.501000096
8/3/2014 10:16,1.500000011
8/3/2014 10:31,1.483999971
8/3/2014 10:46,1.46300009
8/3/2014 11:01,1.435999994
8/3/2014 11:16,1.399000072
8/3/2014 11:31,1.354999996
8/3/2014 11:46,1.307000019
8/3/2014 12:01,1.262999943
8/3/2014 12:16,1.225000082
8/3/2014 12:31,1.187999942
8/3/2014 12:46,1.15100002
8/3/2014 13:01,1.109999979
8/3/2014 13:16,1.077000031
8/3/2014 13:31,1.040999976
8/3/2014 13:46,1.001000019
8/3/2014 14:01,0.963000013
8/3/2014 14:16,0.926000019
8/3/2014 14:31,0.896000033
8/3/2014 14:46,0.865999975
8/3/2014 15:01,0.835999989
8/3/2014 15:16,0.814999963
8/3/2014 15:31,0.801999957
8/3/2014 15:46,0.790999974
8/3/2014 16:01,0.795000021
8/3/2014 16:16,0.825000006
8/3/2014 16:31,0.866999986
8/3/2014 16:46,0.913999952
8/3/2014 17:01,0.971000034
8/3/2014 17:16,1.038000014
8/3/2014 17:31,1.102000032
8/3/2014 17:46,1.160999991
8/3/2014 18:01,1.213999954
8/3/2014 18:16,1.26600005
8/3/2014 18:31,1.319000013
8/3/2014 18:46,1.366000051
8/3/2014 19:01,1.409999982
8/3/2014 19:16,1.452999973
8/3/2014 19:31,1.497000049
8/3/2014 19:46,1.545000026
8/3/2014 20:01,1.588000018
8/3/2014 20:16,1.62499994
8/3/2014 20:31,1.66400003
8/3/2014 20:46,1.70400006
8/3/2014 21:01,1.738999958
8/3/2014 21:16,1.768000077
8/3/2014 21:31,1.789999897
8/3/2014 21:46,1.812999947
8/3/2014 22:01,1.825000087
8/3/2014 22:16,1.831000011
8/3/2014 22:31,1.827999903
8/3/2014 22:46,1.821999979
8/3/2014 23:01,1.80400006
8/3/2014 23:16,1.776999964
8/3/2014 23:31,1.736999935
8/3/2014 23:46,1.692000065
8/4/2014 0:01,1.636999934
8/4/2014 0:16,1.581000009
8/4/2014 0:31,1.526000023
8/4/2014 0:46,1.478999985
8/4/2014 1:01,1.440999979
8/4/2014 1:16,1.397999987
8/4/2014 1:31,1.354999996
8/4/2014 1:46,1.31699999
8/4/2014 2:01,1.283999969
8/4/2014 2:16,1.241999916
8/4/2014 2:31,1.205000067
8/4/2014 2:46,1.164999965
8/4/2014 3:01,1.113000014
8/4/2014 3:16,1.057999956
8/4/2014 3:31,1.006999944
8/4/2014 3:46,0.963999952
8/4/2014 4:01,0.932000016
8/4/2014 4:16,0.910000051
8/4/2014 4:31,0.884999978
8/4/2014 4:46,0.850000006
8/4/2014 5:01,0.816999986
8/4/2014 5:16,0.790000035
8/4/2014 5:31,0.765999974
8/4/2014 5:46,0.742999997
8/4/2014 6:01,0.731000003
8/4/2014 6:16,0.742999997
8/4/2014 6:31,0.767999997
8/4/2014 6:46,0.801999957
8/4/2014 7:01,0.841999986
8/4/2014 7:16,0.894999949
8/4/2014 7:31,0.948999996
8/4/2014 7:46,1.006999944
8/4/2014 8:01,1.065000037
8/4/2014 8:16,1.116000049
8/4/2014 8:31,1.163000015
8/4/2014 8:46,1.207999957
8/4/2014 9:01,1.247000047
8/4/2014 9:16,1.289999894
8/4/2014 9:31,1.321999975
8/4/2014 9:46,1.35000001
8/4/2014 10:01,1.369000013
8/4/2014 10:16,1.390999979
8/4/2014 10:31,1.419000014
8/4/2014 10:46,1.437000078
8/4/2014 11:01,1.450000011
8/4/2014 11:16,1.46300009
8/4/2014 11:31,1.469000014
8/4/2014 11:46,1.468000075
8/4/2014 12:01,1.45700002
8/4/2014 12:16,1.438999956
8/4/2014 12:31,1.409000043
8/4/2014 12:46,1.369999952
8/4/2014 13:01,1.319000013
8/4/2014 13:16,1.273999998
8/4/2014 13:31,1.240000039
8/4/2014 13:46,1.207000018
8/4/2014 14:01,1.164999965
8/4/2014 14:16,1.125000009
8/4/2014 14:31,1.095000023
8/4/2014 14:46,1.05900004
8/4/2014 15:01,1.017999999
8/4/2014 15:16,0.976000019
8/4/2014 15:31,0.950999946
8/4/2014 15:46,0.929000054
8/4/2014 16:01,0.910000051
8/4/2014 16:16,0.892999998
8/4/2014 16:31,0.884000039
8/4/2014 16:46,0.889000024
8/4/2014 17:01,0.906000004
8/4/2014 17:16,0.934000039
8/4/2014 17:31,0.981000005
8/4/2014 17:46,1.040999976
8/4/2014 18:01,1.107000017
8/4/2014 18:16,1.169000012
8/4/2014 18:31,1.225000082
8/4/2014 18:46,1.278000045
8/4/2014 19:01,1.323999998
8/4/2014 19:16,1.369999952
8/4/2014 19:31,1.414999967
8/4/2014 19:46,1.459000043
8/4/2014 20:01,1.502000035
8/4/2014 20:16,1.545999965
8/4/2014 20:31,1.593999942
8/4/2014 20:46,1.644000088
8/4/2014 21:01,1.682000094
8/4/2014 21:16,1.7200001
8/4/2014 21:31,1.753999915
8/4/2014 21:46,1.784999912
8/4/2014 22:01,1.816000055
8/4/2014 22:16,1.835999997
8/4/2014 22:31,1.864000032
8/4/2014 22:46,1.88199995
8/4/2014 23:01,1.900000014
8/4/2014 23:16,1.909999986
8/4/2014 23:31,1.907999962
8/4/2014 23:46,1.89400009
8/5/2014 0:01,1.863000093
8/5/2014 0:16,1.825000087
8/5/2014 0:31,1.784999912
8/5/2014 0:46,1.738999958
8/5/2014 1:01,1.68700008
8/5/2014 1:16,1.631999949
8/5/2014 1:31,1.581000009
8/5/2014 1:46,1.531000009
8/5/2014 2:01,1.486999933
8/5/2014 2:16,1.445000026
8/5/2014 2:31,1.40600008
8/5/2014 2:46,1.363000089
8/5/2014 3:01,1.309999981
8/5/2014 3:16,1.262000004
8/5/2014 3:31,1.215999977
8/5/2014 3:46,1.172000047
8/5/2014 4:01,1.121000035
8/5/2014 4:16,1.077000031
8/5/2014 4:31,1.031000005
8/5/2014 4:46,0.981000005
8/5/2014 5:01,0.938000013
8/5/2014 5:16,0.89400001
8/5/2014 5:31,0.852999969
8/5/2014 5:46,0.82099996
8/5/2014 6:01,0.785999989
8/5/2014 6:16,0.758000026
8/5/2014 6:31,0.735999988
8/5/2014 6:46,0.714000023
8/5/2014 7:01,0.695999959
8/5/2014 7:16,0.681000002
8/5/2014 7:31,0.679000052
8/5/2014 7:46,0.694000008
8/5/2014 8:01,0.735999988
8/5/2014 8:16,0.801000018
8/5/2014 8:31,0.876000018
8/5/2014 8:46,0.957000016
8/5/2014 9:01,1.024000069
8/5/2014 9:16,1.078999982
8/5/2014 9:31,1.123999924
8/5/2014 9:46,1.169999951
8/5/2014 10:01,1.210999992
8/5/2014 10:16,1.253999911
8/5/2014 10:31,1.290999978
8/5/2014 10:46,1.325000083
8/5/2014 11:01,1.353999911
8/5/2014 11:16,1.38399997
8/5/2014 11:31,1.414999967
8/5/2014 11:46,1.438999956
8/5/2014 12:01,1.455999936
8/5/2014 12:16,1.468000075
8/5/2014 12:31,1.478999985
8/5/2014 12:46,1.486999933
8/5/2014 13:01,1.491000125
8/5/2014 13:16,1.486999933
8/5/2014 13:31,1.470999892
8/5/2014 13:46,1.450000011
8/5/2014 14:01,1.417999929
8/5/2014 14:16,1.376999961
8/5/2014 14:31,1.331000007
8/5/2014 14:46,1.289999894
8/5/2014 15:01,1.247999986
8/5/2014 15:16,1.203999983
8/5/2014 15:31,1.168
8/5/2014 15:46,1.131000006
8/5/2014 16:01,1.093000072
8/5/2014 16:16,1.057000017
8/5/2014 16:31,1.026000019
8/5/2014 16:46,1.003000043
8/5/2014 17:01,0.977000031
8/5/2014 17:16,0.958000028
8/5/2014 17:31,0.947999984
8/5/2014 17:46,0.947000045
8/5/2014 18:01,0.952000031
8/5/2014 18:16,0.970000022
8/5/2014 18:31,1.001000019
8/5/2014 18:46,1.047999985
8/5/2014 19:01,1.100999947
8/5/2014 19:16,1.159000041
8/5/2014 19:31,1.220000097
8/5/2014 19:46,1.278999984
8/5/2014 20:01,1.331999946
8/5/2014 20:16,1.381999947
8/5/2014 20:31,1.428999985
8/5/2014 20:46,1.478000046
8/5/2014 21:01,1.521999977
8/5/2014 21:16,1.564000029
8/5/2014 21:31,1.608999899
8/5/2014 21:46,1.652999975
8/5/2014 22:01,1.693999943
8/5/2014 22:16,1.733999973
8/5/2014 22:31,1.77100004
8/5/2014 22:46,1.804999999
8/5/2014 23:01,1.835999997
8/5/2014 23:16,1.859999985
8/5/2014 23:31,1.876000026
8/5/2014 23:46,1.890999982
8/6/2014 0:01,1.901999892
8/6/2014 0:16,1.897999991
8/6/2014 0:31,1.885000058
8/6/2014 0:46,1.858000107
8/6/2014 1:01,1.821999979
8/6/2014 1:16,1.781000011
8/6/2014 1:31,1.733999973
8/6/2014 1:46,1.68100001
8/6/2014 2:01,1.621999977
8/6/2014 2:16,1.564000029
8/6/2014 2:31,1.514000029
8/6/2014 2:46,1.46300009
8/6/2014 3:01,1.411000066
8/6/2014 3:16,1.358999897
8/6/2014 3:31,1.312000004
8/6/2014 3:46,1.266999989
8/6/2014 4:01,1.219000012
8/6/2014 4:16,1.172999986
8/6/2014 4:31,1.123999924
8/6/2014 4:46,1.078999982
8/6/2014 5:01,1.031000005
8/6/2014 5:16,0.984999978
8/6/2014 5:31,0.939999964
8/6/2014 5:46,0.894999949
8/6/2014 6:01,0.85399998
8/6/2014 6:16,0.813000012
8/6/2014 6:31,0.772999983
8/6/2014 6:46,0.735000049
8/6/2014 7:01,0.695999959
8/6/2014 7:16,0.658000025
8/6/2014 7:31,0.625000005
8/6/2014 7:46,0.596000031
8/6/2014 8:01,0.572000042
8/6/2014 8:16,0.55499999
8/6/2014 8:31,0.550000004
8/6/2014 8:46,0.568000032
8/6/2014 9:01,0.611999999
8/6/2014 9:16,0.67000002
8/6/2014 9:31,0.741999985
8/6/2014 9:46,0.823999995
8/6/2014 10:01,0.904999992
8/6/2014 10:16,0.973999996
8/6/2014 10:31,1.03599999
8/6/2014 10:46,1.085999991
8/6/2014 11:01,1.131000006
8/6/2014 11:16,1.172000047
8/6/2014 11:31,1.212000003
8/6/2014 11:46,1.25000001
8/6/2014 12:01,1.288000016
8/6/2014 12:16,1.323999998
8/6/2014 12:31,1.353999911
8/6/2014 12:46,1.381999947
8/6/2014 13:01,1.404000057
8/6/2014 13:16,1.424999938
8/6/2014 13:31,1.445000026
8/6/2014 13:46,1.459999982
8/6/2014 14:01,1.476000023
8/6/2014 14:16,1.485999994
8/6/2014 14:31,1.488000017
8/6/2014 14:46,1.485999994
8/6/2014 15:01,1.466999991
8/6/2014 15:16,1.438000017
8/6/2014 15:31,1.404999996
8/6/2014 15:46,1.364000028
8/6/2014 16:01,1.319000013
8/6/2014 16:16,1.266999989
8/6/2014 16:31,1.216999989
8/6/2014 16:46,1.173999997
8/6/2014 17:01,1.13499998
8/6/2014 17:16,1.100999947
8/6/2014 17:31,1.065999976
8/6/2014 17:46,1.039000025
8/6/2014 18:01,1.013000014
8/6/2014 18:16,0.990999976
8/6/2014 18:31,0.979999993
8/6/2014 18:46,0.97799997
8/6/2014 19:01,0.98599999
8/6/2014 19:16,1.006000077
8/6/2014 19:31,1.039000025
8/6/2014 19:46,1.091999988
8/6/2014 20:01,1.156000006
8/6/2014 20:16,1.225000082
8/6/2014 20:31,1.2890001
8/6/2014 20:46,1.34399994
8/6/2014 21:01,1.397999987
8/6/2014 21:16,1.443000002
8/6/2014 21:31,1.488999956
8/6/2014 21:46,1.529999924
8/6/2014 22:01,1.572999916
8/6/2014 22:16,1.623000062
8/6/2014 22:31,1.674000001
8/6/2014 22:46,1.719000016
8/6/2014 23:01,1.762000008
8/6/2014 23:16,1.797000051
8/6/2014 23:31,1.833999973
8/6/2014 23:46,1.869000017
8/7/2014 0:01,1.901999892
8/7/2014 0:16,1.929999928
8/7/2014 0:31,1.952999977
8/7/2014 0:46,1.968000079
8/7/2014 1:01,1.980000073
8/7/2014 1:16,1.986999937
8/7/2014 1:31,1.976999966
8/7/2014 1:46,1.948999931
8/7/2014 2:01,1.909999986
8/7/2014 2:16,1.864999971
8/7/2014 2:31,1.815000116
8/7/2014 2:46,1.768000077
8/7/2014 3:01,1.712000007
8/7/2014 3:16,1.656000082
8/7/2014 3:31,1.605999937
8/7/2014 3:46,1.552999974
8/7/2014 4:01,1.502000035
8/7/2014 4:16,1.454000058
8/7/2014 4:31,1.412999944
8/7/2014 4:46,1.364999967
8/7/2014 5:01,1.315000112
8/7/2014 5:16,1.266999989
8/7/2014 5:31,1.220000097
8/7/2014 5:46,1.177000032
8/7/2014 6:01,1.131999945
8/7/2014 6:16,1.087000002
8/7/2014 6:31,1.040999976
8/7/2014 6:46,0.992999999
8/7/2014 7:01,0.945000022
8/7/2014 7:16,0.896000033
8/7/2014 7:31,0.850000006
8/7/2014 7:46,0.810999989
8/7/2014 8:01,0.775000006
8/7/2014 8:16,0.735999988
8/7/2014 8:31,0.700000005
8/7/2014 8:46,0.671000031
8/7/2014 9:01,0.640999973
8/7/2014 9:16,0.620999958
8/7/2014 9:31,0.620999958
8/7/2014 9:46,0.639999961
8/7/2014 10:01,0.679000052
8/7/2014 10:16,0.734000038
8/7/2014 10:31,0.808000027
8/7/2014 10:46,0.89400001
8/7/2014 11:01,0.971000034
8/7/2014 11:16,1.040999976
8/7/2014 11:31,1.100000008
8/7/2014 11:46,1.15100002
8/7/2014 12:01,1.197000047
8/7/2014 12:16,1.238000015
8/7/2014 12:31,1.274999937
8/7/2014 12:46,1.31099992
8/7/2014 13:01,1.347000048
8/7/2014 13:16,1.383000031
8/7/2014 13:31,1.419000014
8/7/2014 13:46,1.447999988
8/7/2014 14:01,1.476000023
8/7/2014 14:16,1.503999913
8/7/2014 14:31,1.528999986
8/7/2014 14:46,1.54099998
8/7/2014 15:01,1.554000058
8/7/2014 15:16,1.559999983
8/7/2014 15:31,1.565000114
8/7/2014 15:46,1.550999951
8/7/2014 16:01,1.521999977
8/7/2014 16:16,1.485000055
8/7/2014 16:31,1.447999988
8/7/2014 16:46,1.404000057
8/7/2014 17:01,1.354999996
8/7/2014 17:16,1.304000056
8/7/2014 17:31,1.259999981
8/7/2014 17:46,1.223999998
8/7/2014 18:01,1.185999992
8/7/2014 18:16,1.147999986
8/7/2014 18:31,1.108999968
8/7/2014 18:46,1.06700006
8/7/2014 19:01,1.040999976
8/7/2014 19:16,1.016999987
8/7/2014 19:31,1.006000077
8/7/2014 19:46,0.995000022
8/7/2014 20:01,1.001999958
8/7/2014 20:16,1.017999999
8/7/2014 20:31,1.059999979
8/7/2014 20:46,1.113999953
8/7/2014 21:01,1.177999971
8/7/2014 21:16,1.24399994
8/7/2014 21:31,1.309999981
8/7/2014 21:46,1.366000051
8/7/2014 22:01,1.416000051
8/7/2014 22:16,1.466999991
8/7/2014 22:31,1.519999953
8/7/2014 22:46,1.577999902
8/7/2014 23:01,1.63100001
8/7/2014 23:16,1.683000033
8/7/2014 23:31,1.73100001
8/7/2014 23:46,1.781000011
8/8/2014 0:01,1.827999903
8/8/2014 0:16,1.863000093
8/8/2014 0:31,1.895000029
8/8/2014 0:46,1.92199998
8/8/2014 1:01,1.947999992
8/8/2014 1:16,1.981000012
8/8/2014 1:31,2.003999916
8/8/2014 1:46,2.016000056
8/8/2014 2:01,2.017999934
8/8/2014 2:16,2.012999949
8/8/2014 2:31,1.996999908
8/8/2014 2:46,1.963000093
8/8/2014 3:01,1.926000026
8/8/2014 3:16,1.876999965
8/8/2014 3:31,1.822999918
8/8/2014 3:46,1.764000031
8/8/2014 4:01,1.709999984
8/8/2014 4:16,1.659999984
8/8/2014 4:31,1.612000006
8/8/2014 4:46,1.557000021
8/8/2014 5:01,1.506000081
8/8/2014 5:16,1.457999959
8/8/2014 5:31,1.409999982
8/8/2014 5:46,1.355999935
8/8/2014 6:01,1.307000019
8/8/2014 6:16,1.262999943
8/8/2014 6:31,1.218000073
8/8/2014 6:46,1.169000012
8/8/2014 7:01,1.118999939
8/8/2014 7:16,1.069000011
8/8/2014 7:31,1.017999999
8/8/2014 7:46,0.971000034
8/8/2014 8:01,0.925000007
8/8/2014 8:16,0.878999981
8/8/2014 8:31,0.831000003
8/8/2014 8:46,0.787
8/8/2014 9:01,0.746999971
8/8/2014 9:16,0.711000061
8/8/2014 9:31,0.681000002
8/8/2014 9:46,0.648999993
8/8/2014 10:01,0.626000016
8/8/2014 10:16,0.607999989
8/8/2014 10:31,0.605000026
8/8/2014 10:46,0.631000002
8/8/2014 11:01,0.682000014
8/8/2014 11:16,0.748999994
8/8/2014 11:31,0.834999977
8/8/2014 11:46,0.926999958
8/8/2014 12:01,1.008999967
8/8/2014 12:16,1.07799997
8/8/2014 12:31,1.13699993
8/8/2014 12:46,1.185999992
8/8/2014 13:01,1.228999983
8/8/2014 13:16,1.269000013
8/8/2014 13:31,1.309000042
8/8/2014 13:46,1.347999987
8/8/2014 14:01,1.38399997
8/8/2014 14:16,1.422000121
8/8/2014 14:31,1.455999936
8/8/2014 14:46,1.483999971
8/8/2014 15:01,1.514000029
8/8/2014 15:16,1.544000087
8/8/2014 15:31,1.566999992
8/8/2014 15:46,1.583999971
8/8/2014 16:01,1.593999942
8/8/2014 16:16,1.593999942
8/8/2014 16:31,1.585000056
8/8/2014 16:46,1.562999945
8/8/2014 17:01,1.531000009
8/8/2014 17:16,1.49000004
8/8/2014 17:31,1.443999941
8/8/2014 17:46,1.394000086
8/8/2014 18:01,1.345999964
8/8/2014 18:16,1.299000071
8/8/2014 18:31,1.25000001
8/8/2014 18:46,1.206000006
8/8/2014 19:01,1.168
8/8/2014 19:16,1.131000006
8/8/2014 19:31,1.095999962
8/8/2014 19:46,1.057999956
8/8/2014 20:01,1.021000034
8/8/2014 20:16,0.992999999
8/8/2014 20:31,0.972999984
8/8/2014 20:46,0.950999946
8/8/2014 21:01,0.950999946
8/8/2014 21:16,0.979999993
8/8/2014 21:31,1.021999973
8/8/2014 21:46,1.069000011
8/8/2014 22:01,1.131000006
8/8/2014 22:16,1.200000082
8/8/2014 22:31,1.273999998
8/8/2014 22:46,1.338000016
8/8/2014 23:01,1.404999996
8/8/2014 23:16,1.464999968
8/8/2014 23:31,1.514000029
8/8/2014 23:46,1.559999983
8/9/2014 0:01,1.608000105
8/9/2014 0:16,1.662999946
8/9/2014 0:31,1.712000007
8/9/2014 0:46,1.757999961
8/9/2014 1:01,1.802000037
8/9/2014 1:16,1.843000005
8/9/2014 1:31,1.876999965
8/9/2014 1:46,1.912000009
8/9/2014 2:01,1.940999983
8/9/2014 2:16,1.975000088
8/9/2014 2:31,2.000999954
8/9/2014 2:46,2.019000018
8/9/2014 3:01,2.030999867
8/9/2014 3:16,2.023999858
8/9/2014 3:31,1.993999945
8/9/2014 3:46,1.952000038
8/9/2014 4:01,1.907999962
8/9/2014 4:16,1.858999901
8/9/2014 4:31,1.800000014
8/9/2014 4:46,1.743999944
8/9/2014 5:01,1.690000042
8/9/2014 5:16,1.639000103
8/9/2014 5:31,1.585999995
8/9/2014 5:46,1.533000032
8/9/2014 6:01,1.483999971
8/9/2014 6:16,1.437000078
8/9/2014 6:31,1.38399997
8/9/2014 6:46,1.337000077
8/9/2014 7:01,1.284999908
8/9/2014 7:16,1.243000001
8/9/2014 7:31,1.195000024
8/9/2014 7:46,1.143
8/9/2014 8:01,1.088999953
8/9/2014 8:16,1.04200006
8/9/2014 8:31,0.998000057
8/9/2014 8:46,0.941999987
8/9/2014 9:01,0.896000033
8/9/2014 9:16,0.852999969
8/9/2014 9:31,0.814000024
8/9/2014 9:46,0.771000032
8/9/2014 10:01,0.728999979
8/9/2014 10:16,0.690999973
8/9/2014 10:31,0.658999964
8/9/2014 10:46,0.632000014
8/9/2014 11:01,0.606000002
8/9/2014 11:16,0.601999992
8/9/2014 11:31,0.628999979
8/9/2014 11:46,0.676000017
8/9/2014 12:01,0.740000035
8/9/2014 12:16,0.825000006
8/9/2014 12:31,0.921999972
8/9/2014 12:46,1.006000077
8/9/2014 13:01,1.07799997
8/9/2014 13:16,1.143
8/9/2014 13:31,1.195000024
8/9/2014 13:46,1.238999954
8/9/2014 14:01,1.279999923
8/9/2014 14:16,1.321999975
8/9/2014 14:31,1.364999967
8/9/2014 14:46,1.404000057
8/9/2014 15:01,1.440999979
8/9/2014 15:16,1.474
8/9/2014 15:31,1.506000081
8/9/2014 15:46,1.539999895
8/9/2014 16:01,1.569000015
8/9/2014 16:16,1.595000027
8/9/2014 16:31,1.610999922
8/9/2014 16:46,1.62499994
8/9/2014 17:01,1.635999995
8/9/2014 17:16,1.63100001
8/9/2014 17:31,1.608999899
8/9/2014 17:46,1.575000085
8/9/2014 18:01,1.531999948
8/9/2014 18:16,1.485000055
8/9/2014 18:31,1.433000031
8/9/2014 18:46,1.383000031
8/9/2014 19:01,1.338999955
8/9/2014 19:16,1.290999978
8/9/2014 19:31,1.243000001
8/9/2014 19:46,1.203999983
8/9/2014 20:01,1.154999994
8/9/2014 20:16,1.104999994
8/9/2014 20:31,1.057999956
8/9/2014 20:46,1.021000034
8/9/2014 21:01,0.984999978
8/9/2014 21:16,0.959999978
8/9/2014 21:31,0.938000013
8/9/2014 21:46,0.921000033
8/9/2014 22:01,0.925000007
8/9/2014 22:16,0.942999998
8/9/2014 22:31,0.982000016
8/9/2014 22:46,1.056000005
8/9/2014 23:01,1.141000049
8/9/2014 23:16,1.230000068
8/9/2014 23:31,1.312999943
8/9/2014 23:46,1.385000054
8/10/2014 0:01,1.438999956
8/10/2014 0:16,1.497999988
8/10/2014 0:31,1.545000026
8/10/2014 0:46,1.595999966
8/10/2014 1:01,1.645000027
8/10/2014 1:16,1.693999943
8/10/2014 1:31,1.735000057
8/10/2014 1:46,1.779999926
8/10/2014 2:01,1.831000011
8/10/2014 2:16,1.866000055
8/10/2014 2:31,1.896999907
8/10/2014 2:46,1.931000012
8/10/2014 3:01,1.964000032
8/10/2014 3:16,1.98899996
8/10/2014 3:31,2.012000155
8/10/2014 3:46,2.013999887
8/10/2014 4:01,2.009999986
8/10/2014 4:16,2.002999977
8/10/2014 4:31,1.985000059
8/10/2014 4:46,1.942000067
8/10/2014 5:01,1.883000035
8/10/2014 5:16,1.82100004
8/10/2014 5:31,1.766999993
8/10/2014 5:46,1.709000045
8/10/2014 6:01,1.659999984
8/10/2014 6:16,1.610999922
8/10/2014 6:31,1.562000006
8/10/2014 6:46,1.508999898
8/10/2014 7:01,1.455999936
8/10/2014 7:16,1.402999973
8/10/2014 7:31,1.350999949
8/10/2014 7:46,1.304999995
8/10/2014 8:01,1.257000018
8/10/2014 8:16,1.208999969
8/10/2014 8:31,1.159000041
8/10/2014 8:46,1.110999918
8/10/2014 9:01,1.059999979
8/10/2014 9:16,1.008999967
8/10/2014 9:31,0.959999978
8/10/2014 9:46,0.913000013
8/10/2014 10:01,0.862000001
8/10/2014 10:16,0.817999998
8/10/2014 10:31,0.77899998
8/10/2014 10:46,0.737
8/10/2014 11:01,0.700999944
8/10/2014 11:16,0.665999973
8/10/2014 11:31,0.644999947
8/10/2014 11:46,0.620999958
8/10/2014 12:01,0.617999996
8/10/2014 12:16,0.648999993
8/10/2014 12:31,0.708000026
8/10/2014 12:46,0.779999991
8/10/2014 13:01,0.870000021
8/10/2014 13:16,0.966999987
8/10/2014 13:31,1.054000055
8/10/2014 13:46,1.126999959
8/10/2014 14:01,1.184000041
8/10/2014 14:16,1.231999945
8/10/2014 14:31,1.27699996
8/10/2014 14:46,1.319000013
8/10/2014 15:01,1.359999981
8/10/2014 15:16,1.40600008
8/10/2014 15:31,1.45099995
8/10/2014 15:46,1.488999956
8/10/2014 16:01,1.526000023
8/10/2014 16:16,1.55799996
8/10/2014 16:31,1.592000064
8/10/2014 16:46,1.621999977
8/10/2014 17:01,1.645999966
8/10/2014 17:16,1.671999978
8/10/2014 17:31,1.688999958
8/10/2014 17:46,1.695000027
8/10/2014 18:01,1.682000094
8/10/2014 18:16,1.656000082
8/10/2014 18:31,1.609999983
8/10/2014 18:46,1.552999974
8/10/2014 19:01,1.500000011
8/10/2014 19:16,1.445999965
8/10/2014 19:31,1.390999979
8/10/2014 19:46,1.335000054
8/10/2014 20:01,1.278999984
8/10/2014 20:16,1.22699996
8/10/2014 20:31,1.181000006
8/10/2014 20:46,1.131999945
8/10/2014 21:01,1.083999968
8/10/2014 21:16,1.039999964
8/10/2014 21:31,1.000000008
8/10/2014 21:46,0.957000016
8/10/2014 22:01,0.915000036
8/10/2014 22:16,0.885999989
8/10/2014 22:31,0.86299994
8/10/2014 22:46,0.850000006
8/10/2014 23:01,0.851000018
8/10/2014 23:16,0.870000021
8/10/2014 23:31,0.913000013
8/10/2014 23:46,0.973999996
8/11/2014 0:01,1.047999985
8/11/2014 0:16,1.131999945
8/11/2014 0:31,1.215000038
8/11/2014 0:46,1.295000024
8/11/2014 1:01,1.362000005
8/11/2014 1:16,1.41699999
8/11/2014 1:31,1.468000075
8/11/2014 1:46,1.518000076
8/11/2014 2:01,1.570000099
8/11/2014 2:16,1.623000062
8/11/2014 2:31,1.674000001
8/11/2014 2:46,1.714999969
8/11/2014 3:01,1.754999999
8/11/2014 3:16,1.799000075
8/11/2014 3:31,1.838999959
8/11/2014 3:46,1.869999956
8/11/2014 4:01,1.901999892
8/11/2014 4:16,1.929999928
8/11/2014 4:31,1.950999954
8/11/2014 4:46,1.957999963
8/11/2014 5:01,1.950000015
8/11/2014 5:16,1.934999913
8/11/2014 5:31,1.900999953
8/11/2014 5:46,1.853999915
8/11/2014 6:01,1.805999938
8/11/2014 6:16,1.752999976
8/11/2014 6:31,1.695000027
8/11/2014 6:46,1.631999949
8/11/2014 7:01,1.571000038
8/11/2014 7:16,1.521999977
8/11/2014 7:31,1.475000084
8/11/2014 7:46,1.423999999
8/11/2014 8:01,1.371000037
8/11/2014 8:16,1.316000051
8/11/2014 8:31,1.264999966
8/11/2014 8:46,1.218000073
8/11/2014 9:01,1.169000012
8/11/2014 9:16,1.120000023
8/11/2014 9:31,1.070000023
,
,
